Entity,Code,Year,Prevalence of undernourishment (Percent of population)
Afghanistan,AFG,2001,47.79999924
Afghanistan,AFG,2002,45.59999847
Afghanistan,AFG,2003,40.59999847
Afghanistan,AFG,2004,38
Afghanistan,AFG,2005,36.09999847
Afghanistan,AFG,2006,33.29999924
Afghanistan,AFG,2007,29.79999924
Afghanistan,AFG,2008,26.5
Afghanistan,AFG,2009,24.39999962
Afghanistan,AFG,2010,23.70000076
Afghanistan,AFG,2011,24.70000076
Afghanistan,AFG,2012,28.20000076
Afghanistan,AFG,2013,26.29999924
Afghanistan,AFG,2014,24.20000076
Afghanistan,AFG,2015,21.5
Afghanistan,AFG,2016,22.20000076
Afghanistan,AFG,2017,23
Afghanistan,AFG,2018,23.39999962
Afghanistan,AFG,2019,25.60000038
Albania,ALB,2001,4.900000095
Albania,ALB,2002,6.099999905
Albania,ALB,2003,7.5
Albania,ALB,2004,8.600000381
Albania,ALB,2005,8.899999619
Albania,ALB,2006,8.800000191
Albania,ALB,2007,8.300000191
Albania,ALB,2008,7.300000191
Albania,ALB,2009,5.900000095
Albania,ALB,2010,4.900000095
Albania,ALB,2011,4.099999905
Albania,ALB,2012,3.5
Albania,ALB,2013,3.900000095
Albania,ALB,2014,4.400000095
Albania,ALB,2015,4.699999809
Albania,ALB,2016,4.300000191
Albania,ALB,2017,4.099999905
Albania,ALB,2018,4
Albania,ALB,2019,3.900000095
Algeria,DZA,2001,8
Algeria,DZA,2002,7.300000191
Algeria,DZA,2003,7
Algeria,DZA,2004,7
Algeria,DZA,2005,6.699999809
Algeria,DZA,2006,6.400000095
Algeria,DZA,2007,5.900000095
Algeria,DZA,2008,5.599999905
Algeria,DZA,2009,5.300000191
Algeria,DZA,2010,4.599999905
Algeria,DZA,2011,4
Algeria,DZA,2012,3.299999952
Algeria,DZA,2013,3.099999905
Algeria,DZA,2014,2.900000095
Algeria,DZA,2015,2.799999952
Algeria,DZA,2016,2.799999952
Algeria,DZA,2017,2.700000048
Algeria,DZA,2018,2.5
Algeria,DZA,2019,2.5
Angola,AGO,2001,67.5
Angola,AGO,2002,63.20000076
Angola,AGO,2003,58.70000076
Angola,AGO,2004,55.09999847
Angola,AGO,2005,52.20000076
Angola,AGO,2006,49.29999924
Angola,AGO,2007,46.09999847
Angola,AGO,2008,42.90000153
Angola,AGO,2009,33.20000076
Angola,AGO,2010,24.39999962
Angola,AGO,2011,17.20000076
Angola,AGO,2012,16.29999924
Angola,AGO,2013,15
Angola,AGO,2014,14.19999981
Angola,AGO,2015,14.5
Angola,AGO,2016,15.39999962
Angola,AGO,2017,15.39999962
Angola,AGO,2018,15.5
Angola,AGO,2019,17.29999924
Argentina,ARG,2001,3
Argentina,ARG,2002,3.799999952
Argentina,ARG,2003,4.5
Argentina,ARG,2004,4
Argentina,ARG,2005,3.700000048
Argentina,ARG,2006,3.400000095
Argentina,ARG,2007,3.299999952
Argentina,ARG,2008,3.299999952
Argentina,ARG,2009,3.299999952
Argentina,ARG,2010,3.400000095
Argentina,ARG,2011,3.299999952
Argentina,ARG,2012,3.099999905
Argentina,ARG,2013,2.799999952
Argentina,ARG,2014,2.5
Argentina,ARG,2015,2.5
Argentina,ARG,2016,2.599999905
Argentina,ARG,2017,3.099999905
Argentina,ARG,2018,3.5
Argentina,ARG,2019,3.900000095
Armenia,ARM,2001,26.10000038
Armenia,ARM,2002,24.5
Armenia,ARM,2003,21.10000038
Armenia,ARM,2004,16
Armenia,ARM,2005,12.30000019
Armenia,ARM,2006,9.300000191
Armenia,ARM,2007,6.900000095
Armenia,ARM,2008,5.599999905
Armenia,ARM,2009,4.599999905
Armenia,ARM,2010,4.300000191
Armenia,ARM,2011,4
Armenia,ARM,2012,3.599999905
Armenia,ARM,2013,3.299999952
Armenia,ARM,2014,2.900000095
Armenia,ARM,2015,2.799999952
Armenia,ARM,2016,2.799999952
Armenia,ARM,2017,3.099999905
Armenia,ARM,2018,3.200000048
Armenia,ARM,2019,3.400000095
Australia,AUS,2001,2.5
Australia,AUS,2002,2.5
Australia,AUS,2003,2.5
Australia,AUS,2004,2.5
Australia,AUS,2005,2.5
Australia,AUS,2006,2.5
Australia,AUS,2007,2.5
Australia,AUS,2008,2.5
Australia,AUS,2009,2.5
Australia,AUS,2010,2.5
Australia,AUS,2011,2.5
Australia,AUS,2012,2.5
Australia,AUS,2013,2.5
Australia,AUS,2014,2.5
Australia,AUS,2015,2.5
Australia,AUS,2016,2.5
Australia,AUS,2017,2.5
Australia,AUS,2018,2.5
Australia,AUS,2019,2.5
Austria,AUT,2001,2.5
Austria,AUT,2002,2.5
Austria,AUT,2003,2.5
Austria,AUT,2004,2.5
Austria,AUT,2005,2.5
Austria,AUT,2006,2.5
Austria,AUT,2007,2.5
Austria,AUT,2008,2.5
Austria,AUT,2009,2.5
Austria,AUT,2010,2.5
Austria,AUT,2011,2.5
Austria,AUT,2012,2.5
Austria,AUT,2013,2.5
Austria,AUT,2014,2.5
Austria,AUT,2015,2.5
Austria,AUT,2016,2.5
Austria,AUT,2017,2.5
Austria,AUT,2018,2.5
Austria,AUT,2019,2.5
Azerbaijan,AZE,2001,17
Azerbaijan,AZE,2002,13.39999962
Azerbaijan,AZE,2003,10.39999962
Azerbaijan,AZE,2004,7.400000095
Azerbaijan,AZE,2005,4.800000191
Azerbaijan,AZE,2006,2.799999952
Azerbaijan,AZE,2007,2.5
Azerbaijan,AZE,2008,2.5
Azerbaijan,AZE,2009,2.5
Azerbaijan,AZE,2010,2.5
Azerbaijan,AZE,2011,2.5
Azerbaijan,AZE,2012,2.5
Azerbaijan,AZE,2013,2.5
Azerbaijan,AZE,2014,2.5
Azerbaijan,AZE,2015,2.5
Azerbaijan,AZE,2016,2.5
Azerbaijan,AZE,2017,2.5
Azerbaijan,AZE,2018,2.5
Azerbaijan,AZE,2019,2.5
Bangladesh,BGD,2001,15.89999962
Bangladesh,BGD,2002,15.10000038
Bangladesh,BGD,2003,14.89999962
Bangladesh,BGD,2004,14.39999962
Bangladesh,BGD,2005,14.19999981
Bangladesh,BGD,2006,13.80000019
Bangladesh,BGD,2007,13.89999962
Bangladesh,BGD,2008,13.60000038
Bangladesh,BGD,2009,14.69999981
Bangladesh,BGD,2010,15.19999981
Bangladesh,BGD,2011,15.69999981
Bangladesh,BGD,2012,15.5
Bangladesh,BGD,2013,15.10000038
Bangladesh,BGD,2014,14.19999981
Bangladesh,BGD,2015,14
Bangladesh,BGD,2016,13.30000019
Bangladesh,BGD,2017,12.5
Bangladesh,BGD,2018,10.80000019
Bangladesh,BGD,2019,9.699999809
Barbados,BRB,2001,6.400000095
Barbados,BRB,2002,6.199999809
Barbados,BRB,2003,6.699999809
Barbados,BRB,2004,6.199999809
Barbados,BRB,2005,6.099999905
Barbados,BRB,2006,5.300000191
Barbados,BRB,2007,5.300000191
Barbados,BRB,2008,4.900000095
Barbados,BRB,2009,4.800000191
Barbados,BRB,2010,4.800000191
Barbados,BRB,2011,4.699999809
Barbados,BRB,2012,4.5
Barbados,BRB,2013,4.400000095
Barbados,BRB,2014,4.199999809
Barbados,BRB,2015,4.300000191
Barbados,BRB,2016,4.300000191
Barbados,BRB,2017,4.300000191
Barbados,BRB,2018,4.199999809
Barbados,BRB,2019,4.099999905
Belarus,BLR,2001,2.5
Belarus,BLR,2002,2.700000048
Belarus,BLR,2003,3.299999952
Belarus,BLR,2004,3.299999952
Belarus,BLR,2005,2.5
Belarus,BLR,2006,2.5
Belarus,BLR,2007,2.5
Belarus,BLR,2008,2.5
Belarus,BLR,2009,2.5
Belarus,BLR,2010,2.5
Belarus,BLR,2011,2.5
Belarus,BLR,2012,2.5
Belarus,BLR,2013,2.5
Belarus,BLR,2014,2.5
Belarus,BLR,2015,2.5
Belarus,BLR,2016,2.5
Belarus,BLR,2017,2.5
Belarus,BLR,2018,2.5
Belarus,BLR,2019,2.5
Belgium,BEL,2001,2.5
Belgium,BEL,2002,2.5
Belgium,BEL,2003,2.5
Belgium,BEL,2004,2.5
Belgium,BEL,2005,2.5
Belgium,BEL,2006,2.5
Belgium,BEL,2007,2.5
Belgium,BEL,2008,2.5
Belgium,BEL,2009,2.5
Belgium,BEL,2010,2.5
Belgium,BEL,2011,2.5
Belgium,BEL,2012,2.5
Belgium,BEL,2013,2.5
Belgium,BEL,2014,2.5
Belgium,BEL,2015,2.5
Belgium,BEL,2016,2.5
Belgium,BEL,2017,2.5
Belgium,BEL,2018,2.5
Belgium,BEL,2019,2.5
Belize,BLZ,2001,5.800000191
Belize,BLZ,2002,5.400000095
Belize,BLZ,2003,5.5
Belize,BLZ,2004,5.5
Belize,BLZ,2005,5.699999809
Belize,BLZ,2006,5.800000191
Belize,BLZ,2007,6.599999905
Belize,BLZ,2008,7.099999905
Belize,BLZ,2009,6.900000095
Belize,BLZ,2010,6.800000191
Belize,BLZ,2011,7.099999905
Belize,BLZ,2012,7.800000191
Belize,BLZ,2013,8.100000381
Belize,BLZ,2014,7.800000191
Belize,BLZ,2015,7.699999809
Belize,BLZ,2016,7.199999809
Belize,BLZ,2017,6.699999809
Belize,BLZ,2018,6.199999809
Belize,BLZ,2019,5.900000095
Benin,BEN,2001,17.20000076
Benin,BEN,2002,15.5
Benin,BEN,2003,13.69999981
Benin,BEN,2004,13.19999981
Benin,BEN,2005,12
Benin,BEN,2006,11
Benin,BEN,2007,10.10000038
Benin,BEN,2008,9
Benin,BEN,2009,9.100000381
Benin,BEN,2010,8.5
Benin,BEN,2011,8.300000191
Benin,BEN,2012,7.900000095
Benin,BEN,2013,7.599999905
Benin,BEN,2014,7.5
Benin,BEN,2015,7.300000191
Benin,BEN,2016,7.300000191
Benin,BEN,2017,7.199999809
Benin,BEN,2018,7.300000191
Benin,BEN,2019,7.599999905
Bolivia,BOL,2001,27.89999962
Bolivia,BOL,2002,26.89999962
Bolivia,BOL,2003,27.70000076
Bolivia,BOL,2004,27.70000076
Bolivia,BOL,2005,26.79999924
Bolivia,BOL,2006,24.60000038
Bolivia,BOL,2007,23.89999962
Bolivia,BOL,2008,24.70000076
Bolivia,BOL,2009,22.89999962
Bolivia,BOL,2010,20.29999924
Bolivia,BOL,2011,17.20000076
Bolivia,BOL,2012,16.5
Bolivia,BOL,2013,16.39999962
Bolivia,BOL,2014,15.5
Bolivia,BOL,2015,14.30000019
Bolivia,BOL,2016,13.10000038
Bolivia,BOL,2017,12.5
Bolivia,BOL,2018,12.60000038
Bolivia,BOL,2019,12.60000038
Bosnia and Herzegovina,BIH,2001,3.200000048
Bosnia and Herzegovina,BIH,2002,3
Bosnia and Herzegovina,BIH,2003,2.599999905
Bosnia and Herzegovina,BIH,2004,2.5
Bosnia and Herzegovina,BIH,2005,2.5
Bosnia and Herzegovina,BIH,2006,2.5
Bosnia and Herzegovina,BIH,2007,2.5
Bosnia and Herzegovina,BIH,2008,2.5
Bosnia and Herzegovina,BIH,2009,2.5
Bosnia and Herzegovina,BIH,2010,2.5
Bosnia and Herzegovina,BIH,2011,2.5
Bosnia and Herzegovina,BIH,2012,2.5
Bosnia and Herzegovina,BIH,2013,2.5
Bosnia and Herzegovina,BIH,2014,2.5
Bosnia and Herzegovina,BIH,2015,2.5
Bosnia and Herzegovina,BIH,2016,2.5
Bosnia and Herzegovina,BIH,2017,2.5
Bosnia and Herzegovina,BIH,2018,2.5
Bosnia and Herzegovina,BIH,2019,2.5
Botswana,BWA,2001,23.70000076
Botswana,BWA,2002,24.10000038
Botswana,BWA,2003,24.5
Botswana,BWA,2004,24.20000076
Botswana,BWA,2005,25.20000076
Botswana,BWA,2006,27.5
Botswana,BWA,2007,29.79999924
Botswana,BWA,2008,30.89999962
Botswana,BWA,2009,31.60000038
Botswana,BWA,2010,31.5
Botswana,BWA,2011,30.20000076
Botswana,BWA,2012,29.70000076
Botswana,BWA,2013,28
Botswana,BWA,2014,27.29999924
Botswana,BWA,2015,26.39999962
Botswana,BWA,2016,27.70000076
Botswana,BWA,2017,28.89999962
Botswana,BWA,2018,29.5
Botswana,BWA,2019,29.29999924
Brazil,BRA,2001,10.69999981
Brazil,BRA,2002,9.300000191
Brazil,BRA,2003,7.900000095
Brazil,BRA,2004,6.800000191
Brazil,BRA,2005,6.5
Brazil,BRA,2006,6.199999809
Brazil,BRA,2007,5.599999905
Brazil,BRA,2008,5.099999905
Brazil,BRA,2009,4.400000095
Brazil,BRA,2010,3.900000095
Brazil,BRA,2011,3.400000095
Brazil,BRA,2012,3.099999905
Brazil,BRA,2013,2.799999952
Brazil,BRA,2014,2.599999905
Brazil,BRA,2015,2.5
Brazil,BRA,2016,2.5
Brazil,BRA,2017,2.5
Brazil,BRA,2018,2.5
Brazil,BRA,2019,2.5
Brunei,BRN,2001,2.599999905
Brunei,BRN,2002,2.5
Brunei,BRN,2003,2.5
Brunei,BRN,2004,2.5
Brunei,BRN,2005,2.5
Brunei,BRN,2006,2.5
Brunei,BRN,2007,2.5
Brunei,BRN,2008,2.5
Brunei,BRN,2009,2.5
Brunei,BRN,2010,2.5
Brunei,BRN,2011,2.5
Brunei,BRN,2012,2.5
Brunei,BRN,2013,2.5
Brunei,BRN,2014,2.5
Brunei,BRN,2015,2.5
Brunei,BRN,2016,2.5
Brunei,BRN,2017,2.5
Brunei,BRN,2018,2.5
Brunei,BRN,2019,2.5
Bulgaria,BGR,2001,4
Bulgaria,BGR,2002,4.199999809
Bulgaria,BGR,2003,4.5
Bulgaria,BGR,2004,4.900000095
Bulgaria,BGR,2005,4.900000095
Bulgaria,BGR,2006,5.099999905
Bulgaria,BGR,2007,4.599999905
Bulgaria,BGR,2008,4.5
Bulgaria,BGR,2009,4.300000191
Bulgaria,BGR,2010,4.300000191
Bulgaria,BGR,2011,4.300000191
Bulgaria,BGR,2012,4
Bulgaria,BGR,2013,3.400000095
Bulgaria,BGR,2014,3.400000095
Bulgaria,BGR,2015,3.400000095
Bulgaria,BGR,2016,3.599999905
Bulgaria,BGR,2017,3.099999905
Bulgaria,BGR,2018,2.799999952
Bulgaria,BGR,2019,3
Burkina Faso,BFA,2001,22.60000038
Burkina Faso,BFA,2002,20.5
Burkina Faso,BFA,2003,18.60000038
Burkina Faso,BFA,2004,18.10000038
Burkina Faso,BFA,2005,17.5
Burkina Faso,BFA,2006,17.10000038
Burkina Faso,BFA,2007,16
Burkina Faso,BFA,2008,15.39999962
Burkina Faso,BFA,2009,14.30000019
Burkina Faso,BFA,2010,13.69999981
Burkina Faso,BFA,2011,13.10000038
Burkina Faso,BFA,2012,12.69999981
Burkina Faso,BFA,2013,12.19999981
Burkina Faso,BFA,2014,12
Burkina Faso,BFA,2015,12
Burkina Faso,BFA,2016,12.30000019
Burkina Faso,BFA,2017,12.39999962
Burkina Faso,BFA,2018,12.69999981
Burkina Faso,BFA,2019,14.39999962
Cambodia,KHM,2001,23.60000038
Cambodia,KHM,2002,21.20000076
Cambodia,KHM,2003,19.39999962
Cambodia,KHM,2004,18.5
Cambodia,KHM,2005,17
Cambodia,KHM,2006,15.60000038
Cambodia,KHM,2007,14.80000019
Cambodia,KHM,2008,14.5
Cambodia,KHM,2009,13.89999962
Cambodia,KHM,2010,13.30000019
Cambodia,KHM,2011,12.69999981
Cambodia,KHM,2012,12
Cambodia,KHM,2013,10.80000019
Cambodia,KHM,2014,9.600000381
Cambodia,KHM,2015,8.899999619
Cambodia,KHM,2016,8.5
Cambodia,KHM,2017,7.699999809
Cambodia,KHM,2018,6.800000191
Cambodia,KHM,2019,6.199999809
Cameroon,CMR,2001,22.89999962
Cameroon,CMR,2002,20.70000076
Cameroon,CMR,2003,19.29999924
Cameroon,CMR,2004,17.60000038
Cameroon,CMR,2005,15.89999962
Cameroon,CMR,2006,14.10000038
Cameroon,CMR,2007,12.60000038
Cameroon,CMR,2008,11.19999981
Cameroon,CMR,2009,9.100000381
Cameroon,CMR,2010,7.599999905
Cameroon,CMR,2011,6.199999809
Cameroon,CMR,2012,5.800000191
Cameroon,CMR,2013,5.599999905
Cameroon,CMR,2014,5.5
Cameroon,CMR,2015,5.400000095
Cameroon,CMR,2016,5.5
Cameroon,CMR,2017,5.599999905
Cameroon,CMR,2018,5.599999905
Cameroon,CMR,2019,5.300000191
Canada,CAN,2001,2.5
Canada,CAN,2002,2.5
Canada,CAN,2003,2.5
Canada,CAN,2004,2.5
Canada,CAN,2005,2.5
Canada,CAN,2006,2.5
Canada,CAN,2007,2.5
Canada,CAN,2008,2.5
Canada,CAN,2009,2.5
Canada,CAN,2010,2.5
Canada,CAN,2011,2.5
Canada,CAN,2012,2.5
Canada,CAN,2013,2.5
Canada,CAN,2014,2.5
Canada,CAN,2015,2.5
Canada,CAN,2016,2.5
Canada,CAN,2017,2.5
Canada,CAN,2018,2.5
Canada,CAN,2019,2.5
Cape Verde,CPV,2001,14.5
Cape Verde,CPV,2002,14.39999962
Cape Verde,CPV,2003,13.10000038
Cape Verde,CPV,2004,11.30000019
Cape Verde,CPV,2005,11
Cape Verde,CPV,2006,11.39999962
Cape Verde,CPV,2007,12.30000019
Cape Verde,CPV,2008,13.10000038
Cape Verde,CPV,2009,15
Cape Verde,CPV,2010,15.80000019
Cape Verde,CPV,2011,16.29999924
Cape Verde,CPV,2012,16
Cape Verde,CPV,2013,16
Cape Verde,CPV,2014,16.39999962
Cape Verde,CPV,2015,16.79999924
Cape Verde,CPV,2016,17
Cape Verde,CPV,2017,16.70000076
Cape Verde,CPV,2018,16.20000076
Cape Verde,CPV,2019,15.39999962
Central African Republic,CAF,2001,39.20000076
Central African Republic,CAF,2002,40.09999847
Central African Republic,CAF,2003,40.59999847
Central African Republic,CAF,2004,40.5
Central African Republic,CAF,2005,39.59999847
Central African Republic,CAF,2006,37.70000076
Central African Republic,CAF,2007,35.70000076
Central African Republic,CAF,2008,33.29999924
Central African Republic,CAF,2009,31
Central African Republic,CAF,2010,29.10000038
Central African Republic,CAF,2011,28.10000038
Central African Republic,CAF,2012,32.79999924
Central African Republic,CAF,2013,40.29999924
Central African Republic,CAF,2014,48.29999924
Central African Republic,CAF,2015,49.90000153
Central African Republic,CAF,2016,48.59999847
Central African Republic,CAF,2017,46.09999847
Central African Republic,CAF,2018,46.70000076
Central African Republic,CAF,2019,48.20000076
Chad,TCD,2001,38.79999924
Chad,TCD,2002,37.59999847
Chad,TCD,2003,38
Chad,TCD,2004,37.09999847
Chad,TCD,2005,37.79999924
Chad,TCD,2006,38.40000153
Chad,TCD,2007,39.20000076
Chad,TCD,2008,40.09999847
Chad,TCD,2009,38.40000153
Chad,TCD,2010,36.29999924
Chad,TCD,2011,33.59999847
Chad,TCD,2012,33.59999847
Chad,TCD,2013,31.29999924
Chad,TCD,2014,29.89999962
Chad,TCD,2015,28
Chad,TCD,2016,28.5
Chad,TCD,2017,29.10000038
Chad,TCD,2018,30.39999962
Chad,TCD,2019,31.70000076
Chile,CHL,2001,3.400000095
Chile,CHL,2002,3.200000048
Chile,CHL,2003,3.200000048
Chile,CHL,2004,3.200000048
Chile,CHL,2005,3.099999905
Chile,CHL,2006,3.099999905
Chile,CHL,2007,3.099999905
Chile,CHL,2008,3.400000095
Chile,CHL,2009,3.599999905
Chile,CHL,2010,3.599999905
Chile,CHL,2011,3.400000095
Chile,CHL,2012,3.200000048
Chile,CHL,2013,3.099999905
Chile,CHL,2014,3.099999905
Chile,CHL,2015,3
Chile,CHL,2016,3.099999905
Chile,CHL,2017,3
Chile,CHL,2018,3
Chile,CHL,2019,3.400000095
China,CHN,2001,10.10000038
China,CHN,2002,9.5
China,CHN,2003,8.800000191
China,CHN,2004,8
China,CHN,2005,7.099999905
China,CHN,2006,6.099999905
China,CHN,2007,5
China,CHN,2008,4
China,CHN,2009,2.799999952
China,CHN,2010,2.5
China,CHN,2011,2.5
China,CHN,2012,2.5
China,CHN,2013,2.5
China,CHN,2014,2.5
China,CHN,2015,2.5
China,CHN,2016,2.5
China,CHN,2017,2.5
China,CHN,2018,2.5
China,CHN,2019,2.5
Colombia,COL,2001,8.699999809
Colombia,COL,2002,9.100000381
Colombia,COL,2003,9.800000191
Colombia,COL,2004,10.60000038
Colombia,COL,2005,11.19999981
Colombia,COL,2006,11.39999962
Colombia,COL,2007,11
Colombia,COL,2008,11.30000019
Colombia,COL,2009,12.19999981
Colombia,COL,2010,13.10000038
Colombia,COL,2011,12.10000038
Colombia,COL,2012,10.10000038
Colombia,COL,2013,8.100000381
Colombia,COL,2014,7.099999905
Colombia,COL,2015,6.5
Colombia,COL,2016,6.800000191
Colombia,COL,2017,7.099999905
Colombia,COL,2018,7.900000095
Colombia,COL,2019,8.800000191
Congo,COG,2001,27
Congo,COG,2002,26.39999962
Congo,COG,2003,26.39999962
Congo,COG,2004,31.70000076
Congo,COG,2005,34
Congo,COG,2006,36.59999847
Congo,COG,2007,35.40000153
Congo,COG,2008,35.5
Congo,COG,2009,35.5
Congo,COG,2010,36.5
Congo,COG,2011,36
Congo,COG,2012,33
Congo,COG,2013,30.89999962
Congo,COG,2014,31.10000038
Congo,COG,2015,34.09999847
Congo,COG,2016,34.59999847
Congo,COG,2017,36
Congo,COG,2018,36.79999924
Congo,COG,2019,37.70000076
Costa Rica,CRI,2001,4.699999809
Costa Rica,CRI,2002,5
Costa Rica,CRI,2003,5.199999809
Costa Rica,CRI,2004,5
Costa Rica,CRI,2005,4.400000095
Costa Rica,CRI,2006,3.900000095
Costa Rica,CRI,2007,3.799999952
Costa Rica,CRI,2008,3.900000095
Costa Rica,CRI,2009,4
Costa Rica,CRI,2010,3.799999952
Costa Rica,CRI,2011,3.799999952
Costa Rica,CRI,2012,3.799999952
Costa Rica,CRI,2013,4.099999905
Costa Rica,CRI,2014,4.300000191
Costa Rica,CRI,2015,4.099999905
Costa Rica,CRI,2016,3.599999905
Costa Rica,CRI,2017,3.099999905
Costa Rica,CRI,2018,3
Costa Rica,CRI,2019,3.099999905
Cote d'Ivoire,CIV,2001,20.39999962
Cote d'Ivoire,CIV,2002,21.29999924
Cote d'Ivoire,CIV,2003,21.20000076
Cote d'Ivoire,CIV,2004,20.60000038
Cote d'Ivoire,CIV,2005,20.20000076
Cote d'Ivoire,CIV,2006,20.20000076
Cote d'Ivoire,CIV,2007,21.10000038
Cote d'Ivoire,CIV,2008,22.10000038
Cote d'Ivoire,CIV,2009,22.29999924
Cote d'Ivoire,CIV,2010,22.29999924
Cote d'Ivoire,CIV,2011,21.70000076
Cote d'Ivoire,CIV,2012,21.89999962
Cote d'Ivoire,CIV,2013,20.39999962
Cote d'Ivoire,CIV,2014,18.60000038
Cote d'Ivoire,CIV,2015,16.5
Cote d'Ivoire,CIV,2016,15.5
Cote d'Ivoire,CIV,2017,15
Cote d'Ivoire,CIV,2018,14.89999962
Cote d'Ivoire,CIV,2019,14.89999962
Croatia,HRV,2001,6.800000191
Croatia,HRV,2002,4.599999905
Croatia,HRV,2003,3.700000048
Croatia,HRV,2004,3.099999905
Croatia,HRV,2005,2.5
Croatia,HRV,2006,2.5
Croatia,HRV,2007,2.5
Croatia,HRV,2008,2.5
Croatia,HRV,2009,2.5
Croatia,HRV,2010,2.5
Croatia,HRV,2011,2.5
Croatia,HRV,2012,2.5
Croatia,HRV,2013,2.5
Croatia,HRV,2014,2.5
Croatia,HRV,2015,2.5
Croatia,HRV,2016,2.5
Croatia,HRV,2017,2.5
Croatia,HRV,2018,2.5
Croatia,HRV,2019,2.5
Cuba,CUB,2001,2.5
Cuba,CUB,2002,2.5
Cuba,CUB,2003,2.5
Cuba,CUB,2004,2.5
Cuba,CUB,2005,2.5
Cuba,CUB,2006,2.5
Cuba,CUB,2007,2.5
Cuba,CUB,2008,2.5
Cuba,CUB,2009,2.5
Cuba,CUB,2010,2.5
Cuba,CUB,2011,2.5
Cuba,CUB,2012,2.5
Cuba,CUB,2013,2.5
Cuba,CUB,2014,2.5
Cuba,CUB,2015,2.5
Cuba,CUB,2016,2.5
Cuba,CUB,2017,2.5
Cuba,CUB,2018,2.5
Cuba,CUB,2019,2.5
Cyprus,CYP,2001,5.099999905
Cyprus,CYP,2002,5.699999809
Cyprus,CYP,2003,6.099999905
Cyprus,CYP,2004,6.900000095
Cyprus,CYP,2005,7.599999905
Cyprus,CYP,2006,7.5
Cyprus,CYP,2007,6.900000095
Cyprus,CYP,2008,6.400000095
Cyprus,CYP,2009,6.300000191
Cyprus,CYP,2010,6.199999809
Cyprus,CYP,2011,6.099999905
Cyprus,CYP,2012,6.199999809
Cyprus,CYP,2013,4.699999809
Cyprus,CYP,2014,2.799999952
Cyprus,CYP,2015,2.5
Cyprus,CYP,2016,2.5
Cyprus,CYP,2017,2.5
Cyprus,CYP,2018,2.5
Cyprus,CYP,2019,2.5
Czechia,CZE,2001,2.5
Czechia,CZE,2002,2.5
Czechia,CZE,2003,2.5
Czechia,CZE,2004,2.5
Czechia,CZE,2005,2.5
Czechia,CZE,2006,2.5
Czechia,CZE,2007,2.5
Czechia,CZE,2008,2.5
Czechia,CZE,2009,2.5
Czechia,CZE,2010,2.5
Czechia,CZE,2011,2.5
Czechia,CZE,2012,2.5
Czechia,CZE,2013,2.5
Czechia,CZE,2014,2.5
Czechia,CZE,2015,2.5
Czechia,CZE,2016,2.5
Czechia,CZE,2017,2.5
Czechia,CZE,2018,2.5
Czechia,CZE,2019,2.5
Democratic Republic of Congo,COD,2001,38.20000076
Democratic Republic of Congo,COD,2002,38.20000076
Democratic Republic of Congo,COD,2003,38.20000076
Democratic Republic of Congo,COD,2004,38.29999924
Democratic Republic of Congo,COD,2005,38.40000153
Democratic Republic of Congo,COD,2006,38.5
Democratic Republic of Congo,COD,2007,38.59999847
Democratic Republic of Congo,COD,2008,38.70000076
Democratic Republic of Congo,COD,2009,38.70000076
Democratic Republic of Congo,COD,2010,38.79999924
Democratic Republic of Congo,COD,2011,40
Democratic Republic of Congo,COD,2012,41.5
Democratic Republic of Congo,COD,2013,41.5
Democratic Republic of Congo,COD,2014,40.70000076
Democratic Republic of Congo,COD,2015,40.09999847
Democratic Republic of Congo,COD,2016,39.90000153
Democratic Republic of Congo,COD,2017,40.20000076
Democratic Republic of Congo,COD,2018,40.40000153
Democratic Republic of Congo,COD,2019,41.70000076
Denmark,DNK,2001,2.5
Denmark,DNK,2002,2.5
Denmark,DNK,2003,2.5
Denmark,DNK,2004,2.5
Denmark,DNK,2005,2.5
Denmark,DNK,2006,2.5
Denmark,DNK,2007,2.5
Denmark,DNK,2008,2.5
Denmark,DNK,2009,2.5
Denmark,DNK,2010,2.5
Denmark,DNK,2011,2.5
Denmark,DNK,2012,2.5
Denmark,DNK,2013,2.5
Denmark,DNK,2014,2.5
Denmark,DNK,2015,2.5
Denmark,DNK,2016,2.5
Denmark,DNK,2017,2.5
Denmark,DNK,2018,2.5
Denmark,DNK,2019,2.5
Djibouti,DJI,2001,42
Djibouti,DJI,2002,40.79999924
Djibouti,DJI,2003,38.20000076
Djibouti,DJI,2004,34.70000076
Djibouti,DJI,2005,31.29999924
Djibouti,DJI,2006,27.29999924
Djibouti,DJI,2007,25.10000038
Djibouti,DJI,2008,23.39999962
Djibouti,DJI,2009,23.20000076
Djibouti,DJI,2010,22.89999962
Djibouti,DJI,2011,22.20000076
Djibouti,DJI,2012,20.79999924
Djibouti,DJI,2013,19.70000076
Djibouti,DJI,2014,18.10000038
Djibouti,DJI,2015,17.5
Djibouti,DJI,2016,16.70000076
Djibouti,DJI,2017,16.39999962
Djibouti,DJI,2018,16
Djibouti,DJI,2019,16.20000076
Dominica,DMA,2001,3.700000048
Dominica,DMA,2002,4.099999905
Dominica,DMA,2003,4.699999809
Dominica,DMA,2004,5
Dominica,DMA,2005,5.400000095
Dominica,DMA,2006,5
Dominica,DMA,2007,4.599999905
Dominica,DMA,2008,4.099999905
Dominica,DMA,2009,4.400000095
Dominica,DMA,2010,4.699999809
Dominica,DMA,2011,4.900000095
Dominica,DMA,2012,5.099999905
Dominica,DMA,2013,5.199999809
Dominica,DMA,2014,5.099999905
Dominica,DMA,2015,5.099999905
Dominica,DMA,2016,5
Dominica,DMA,2017,5.300000191
Dominica,DMA,2018,5.5
Dominica,DMA,2019,5.599999905
Dominican Republic,DOM,2001,20.39999962
Dominican Republic,DOM,2002,22.60000038
Dominican Republic,DOM,2003,23.60000038
Dominican Republic,DOM,2004,23
Dominican Republic,DOM,2005,19.20000076
Dominican Republic,DOM,2006,16.39999962
Dominican Republic,DOM,2007,16.20000076
Dominican Republic,DOM,2008,16
Dominican Republic,DOM,2009,14.60000038
Dominican Republic,DOM,2010,12.30000019
Dominican Republic,DOM,2011,10.30000019
Dominican Republic,DOM,2012,9.699999809
Dominican Republic,DOM,2013,8.899999619
Dominican Republic,DOM,2014,8.300000191
Dominican Republic,DOM,2015,7.400000095
Dominican Republic,DOM,2016,6.800000191
Dominican Republic,DOM,2017,6.400000095
Dominican Republic,DOM,2018,6.699999809
Dominican Republic,DOM,2019,8.300000191
East Asia and Pacific,,2001,12.20297337
East Asia and Pacific,,2002,11.64749718
East Asia and Pacific,,2003,10.95025635
East Asia and Pacific,,2004,10.34118366
East Asia and Pacific,,2005,9.638637543
East Asia and Pacific,,2006,8.878445625
East Asia and Pacific,,2007,8.005665779
East Asia and Pacific,,2008,7.1797719
East Asia and Pacific,,2009,6.14851141
East Asia and Pacific,,2010,5.639459133
East Asia and Pacific,,2011,5.286883354
East Asia and Pacific,,2012,5.089837551
East Asia and Pacific,,2013,4.895190239
East Asia and Pacific,,2014,4.771167755
East Asia and Pacific,,2015,4.621116638
East Asia and Pacific,,2016,4.534436226
East Asia and Pacific,,2017,4.422245502
East Asia and Pacific,,2018,4.340350151
East Asia and Pacific,,2019,4.332309723
Ecuador,ECU,2001,21
Ecuador,ECU,2002,22.70000076
Ecuador,ECU,2003,22.70000076
Ecuador,ECU,2004,22.70000076
Ecuador,ECU,2005,22.39999962
Ecuador,ECU,2006,22.79999924
Ecuador,ECU,2007,22.10000038
Ecuador,ECU,2008,21.29999924
Ecuador,ECU,2009,16
Ecuador,ECU,2010,12.30000019
Ecuador,ECU,2011,8.5
Ecuador,ECU,2012,9.100000381
Ecuador,ECU,2013,9
Ecuador,ECU,2014,8.899999619
Ecuador,ECU,2015,9
Ecuador,ECU,2016,9.699999809
Ecuador,ECU,2017,10.69999981
Ecuador,ECU,2018,11.19999981
Ecuador,ECU,2019,12.39999962
Egypt,EGY,2001,5.199999809
Egypt,EGY,2002,5.400000095
Egypt,EGY,2003,6
Egypt,EGY,2004,6.400000095
Egypt,EGY,2005,6.400000095
Egypt,EGY,2006,6
Egypt,EGY,2007,5.699999809
Egypt,EGY,2008,5.599999905
Egypt,EGY,2009,5.5
Egypt,EGY,2010,5.400000095
Egypt,EGY,2011,5.099999905
Egypt,EGY,2012,5.199999809
Egypt,EGY,2013,4.900000095
Egypt,EGY,2014,4.599999905
Egypt,EGY,2015,4.400000095
Egypt,EGY,2016,4.599999905
Egypt,EGY,2017,4.900000095
Egypt,EGY,2018,5.099999905
Egypt,EGY,2019,5.400000095
El Salvador,SLV,2001,7.199999809
El Salvador,SLV,2002,7.099999905
El Salvador,SLV,2003,7.900000095
El Salvador,SLV,2004,8.699999809
El Salvador,SLV,2005,9.100000381
El Salvador,SLV,2006,9.399999619
El Salvador,SLV,2007,9.699999809
El Salvador,SLV,2008,9.899999619
El Salvador,SLV,2009,10.5
El Salvador,SLV,2010,10.89999962
El Salvador,SLV,2011,11.10000038
El Salvador,SLV,2012,10.5
El Salvador,SLV,2013,10.5
El Salvador,SLV,2014,10.60000038
El Salvador,SLV,2015,10.60000038
El Salvador,SLV,2016,9.899999619
El Salvador,SLV,2017,9.100000381
El Salvador,SLV,2018,8.600000381
El Salvador,SLV,2019,8.5
Estonia,EST,2001,3.599999905
Estonia,EST,2002,3.5
Estonia,EST,2003,3.299999952
Estonia,EST,2004,2.900000095
Estonia,EST,2005,2.5
Estonia,EST,2006,2.5
Estonia,EST,2007,2.5
Estonia,EST,2008,2.5
Estonia,EST,2009,2.5
Estonia,EST,2010,2.5
Estonia,EST,2011,2.5
Estonia,EST,2012,2.5
Estonia,EST,2013,2.5
Estonia,EST,2014,2.5
Estonia,EST,2015,2.5
Estonia,EST,2016,2.5
Estonia,EST,2017,2.5
Estonia,EST,2018,2.5
Estonia,EST,2019,2.5
Eswatini,SWZ,2001,10.5
Eswatini,SWZ,2002,9.699999809
Eswatini,SWZ,2003,8.300000191
Eswatini,SWZ,2004,8.399999619
Eswatini,SWZ,2005,9.199999809
Eswatini,SWZ,2006,10.19999981
Eswatini,SWZ,2007,10.69999981
Eswatini,SWZ,2008,10.89999962
Eswatini,SWZ,2009,15.19999981
Eswatini,SWZ,2010,18.5
Eswatini,SWZ,2011,20.70000076
Eswatini,SWZ,2012,18
Eswatini,SWZ,2013,14.89999962
Eswatini,SWZ,2014,13.39999962
Eswatini,SWZ,2015,12.80000019
Eswatini,SWZ,2016,13
Eswatini,SWZ,2017,12.39999962
Eswatini,SWZ,2018,11.89999962
Eswatini,SWZ,2019,11.60000038
Ethiopia,ETH,2001,47
Ethiopia,ETH,2002,44.20000076
Ethiopia,ETH,2003,42.59999847
Ethiopia,ETH,2004,39
Ethiopia,ETH,2005,37.09999847
Ethiopia,ETH,2006,35.59999847
Ethiopia,ETH,2007,35
Ethiopia,ETH,2008,33.5
Ethiopia,ETH,2009,29.70000076
Ethiopia,ETH,2010,27.60000038
Ethiopia,ETH,2011,26
Ethiopia,ETH,2012,25.29999924
Ethiopia,ETH,2013,21.79999924
Ethiopia,ETH,2014,17.79999924
Ethiopia,ETH,2015,14.80000019
Ethiopia,ETH,2016,13.80000019
Ethiopia,ETH,2017,14
Ethiopia,ETH,2018,14.39999962
Ethiopia,ETH,2019,16.20000076
Europe and Central Asia,,2001,3.754417419
Europe and Central Asia,,2002,3.580111027
Europe and Central Asia,,2003,3.426818132
Europe and Central Asia,,2004,3.263571262
Europe and Central Asia,,2005,3.144900322
Europe and Central Asia,,2006,3.037917614
Europe and Central Asia,,2007,2.967936277
Europe and Central Asia,,2008,2.928876162
Europe and Central Asia,,2009,2.8218503
Europe and Central Asia,,2010,2.710476398
Europe and Central Asia,,2011,2.609832048
Europe and Central Asia,,2012,2.598031998
Europe and Central Asia,,2013,2.596003056
Europe and Central Asia,,2014,2.603458405
Europe and Central Asia,,2015,2.616188288
Europe and Central Asia,,2016,2.615170717
Europe and Central Asia,,2017,2.605485439
Europe and Central Asia,,2018,2.594089746
Europe and Central Asia,,2019,2.60081315
European Union,,2001,2.636772156
European Union,,2002,2.613342285
European Union,,2003,2.603791952
European Union,,2004,2.600964308
European Union,,2005,2.591236591
European Union,,2006,2.595301628
European Union,,2007,2.582359314
European Union,,2008,2.573005438
European Union,,2009,2.558179379
European Union,,2010,2.551684141
European Union,,2011,2.550221443
European Union,,2012,2.545368195
European Union,,2013,2.53881669
European Union,,2014,2.549640656
European Union,,2015,2.556015015
European Union,,2016,2.555391073
European Union,,2017,2.533896208
European Union,,2018,2.524215698
European Union,,2019,2.526093721
Fiji,FJI,2001,4
Fiji,FJI,2002,3.799999952
Fiji,FJI,2003,3.900000095
Fiji,FJI,2004,3.799999952
Fiji,FJI,2005,3.700000048
Fiji,FJI,2006,3.700000048
Fiji,FJI,2007,3.700000048
Fiji,FJI,2008,3.900000095
Fiji,FJI,2009,3.900000095
Fiji,FJI,2010,4
Fiji,FJI,2011,3.799999952
Fiji,FJI,2012,3.400000095
Fiji,FJI,2013,4.400000095
Fiji,FJI,2014,5.199999809
Fiji,FJI,2015,6.400000095
Fiji,FJI,2016,6.300000191
Fiji,FJI,2017,6.300000191
Fiji,FJI,2018,5.800000191
Fiji,FJI,2019,5.599999905
Finland,FIN,2001,2.5
Finland,FIN,2002,2.5
Finland,FIN,2003,2.5
Finland,FIN,2004,2.5
Finland,FIN,2005,2.5
Finland,FIN,2006,2.5
Finland,FIN,2007,2.5
Finland,FIN,2008,2.5
Finland,FIN,2009,2.5
Finland,FIN,2010,2.5
Finland,FIN,2011,2.5
Finland,FIN,2012,2.5
Finland,FIN,2013,2.5
Finland,FIN,2014,2.5
Finland,FIN,2015,2.5
Finland,FIN,2016,2.5
Finland,FIN,2017,2.5
Finland,FIN,2018,2.5
Finland,FIN,2019,2.5
France,FRA,2001,2.5
France,FRA,2002,2.5
France,FRA,2003,2.5
France,FRA,2004,2.5
France,FRA,2005,2.5
France,FRA,2006,2.5
France,FRA,2007,2.5
France,FRA,2008,2.5
France,FRA,2009,2.5
France,FRA,2010,2.5
France,FRA,2011,2.5
France,FRA,2012,2.5
France,FRA,2013,2.5
France,FRA,2014,2.5
France,FRA,2015,2.5
France,FRA,2016,2.5
France,FRA,2017,2.5
France,FRA,2018,2.5
France,FRA,2019,2.5
French Polynesia,PYF,2001,4.199999809
French Polynesia,PYF,2002,4.099999905
French Polynesia,PYF,2003,3.900000095
French Polynesia,PYF,2004,3.900000095
French Polynesia,PYF,2005,3.799999952
French Polynesia,PYF,2006,3.799999952
French Polynesia,PYF,2007,3.799999952
French Polynesia,PYF,2008,3.700000048
French Polynesia,PYF,2009,3.599999905
French Polynesia,PYF,2010,3.5
French Polynesia,PYF,2011,3.200000048
French Polynesia,PYF,2012,3.099999905
French Polynesia,PYF,2013,3.200000048
French Polynesia,PYF,2014,3.299999952
French Polynesia,PYF,2015,3.599999905
French Polynesia,PYF,2016,3.799999952
French Polynesia,PYF,2017,4
French Polynesia,PYF,2018,3.900000095
French Polynesia,PYF,2019,3.799999952
Gabon,GAB,2001,10.69999981
Gabon,GAB,2002,12.10000038
Gabon,GAB,2003,13.30000019
Gabon,GAB,2004,13.89999962
Gabon,GAB,2005,14.30000019
Gabon,GAB,2006,14.80000019
Gabon,GAB,2007,15.89999962
Gabon,GAB,2008,16.79999924
Gabon,GAB,2009,17.39999962
Gabon,GAB,2010,17.20000076
Gabon,GAB,2011,17.20000076
Gabon,GAB,2012,17.29999924
Gabon,GAB,2013,16.10000038
Gabon,GAB,2014,14.69999981
Gabon,GAB,2015,13.89999962
Gabon,GAB,2016,15
Gabon,GAB,2017,16
Gabon,GAB,2018,16.20000076
Gabon,GAB,2019,15.69999981
Gambia,GMB,2001,17.79999924
Gambia,GMB,2002,19.60000038
Gambia,GMB,2003,20.5
Gambia,GMB,2004,20.70000076
Gambia,GMB,2005,21.70000076
Gambia,GMB,2006,20.70000076
Gambia,GMB,2007,18.70000076
Gambia,GMB,2008,15.80000019
Gambia,GMB,2009,14.19999981
Gambia,GMB,2010,13.10000038
Gambia,GMB,2011,12.69999981
Gambia,GMB,2012,13
Gambia,GMB,2013,12.39999962
Gambia,GMB,2014,11.89999962
Gambia,GMB,2015,11.30000019
Gambia,GMB,2016,11.69999981
Gambia,GMB,2017,11.89999962
Gambia,GMB,2018,12.39999962
Gambia,GMB,2019,13.60000038
Georgia,GEO,2001,7.699999809
Georgia,GEO,2002,5.900000095
Georgia,GEO,2003,4.800000191
Georgia,GEO,2004,4.099999905
Georgia,GEO,2005,4.099999905
Georgia,GEO,2006,4
Georgia,GEO,2007,4
Georgia,GEO,2008,3.599999905
Georgia,GEO,2009,3.700000048
Georgia,GEO,2010,4.199999809
Georgia,GEO,2011,4.599999905
Georgia,GEO,2012,4.300000191
Georgia,GEO,2013,5.400000095
Georgia,GEO,2014,6.599999905
Georgia,GEO,2015,8.100000381
Georgia,GEO,2016,8.300000191
Georgia,GEO,2017,8.300000191
Georgia,GEO,2018,8.100000381
Georgia,GEO,2019,8.699999809
Germany,DEU,2001,2.5
Germany,DEU,2002,2.5
Germany,DEU,2003,2.5
Germany,DEU,2004,2.5
Germany,DEU,2005,2.5
Germany,DEU,2006,2.5
Germany,DEU,2007,2.5
Germany,DEU,2008,2.5
Germany,DEU,2009,2.5
Germany,DEU,2010,2.5
Germany,DEU,2011,2.5
Germany,DEU,2012,2.5
Germany,DEU,2013,2.5
Germany,DEU,2014,2.5
Germany,DEU,2015,2.5
Germany,DEU,2016,2.5
Germany,DEU,2017,2.5
Germany,DEU,2018,2.5
Germany,DEU,2019,2.5
Ghana,GHA,2001,14.89999962
Ghana,GHA,2002,13.5
Ghana,GHA,2003,12.60000038
Ghana,GHA,2004,12.19999981
Ghana,GHA,2005,11.19999981
Ghana,GHA,2006,10.60000038
Ghana,GHA,2007,9.399999619
Ghana,GHA,2008,8.199999809
Ghana,GHA,2009,6.699999809
Ghana,GHA,2010,6.599999905
Ghana,GHA,2011,6.699999809
Ghana,GHA,2012,7.199999809
Ghana,GHA,2013,7.099999905
Ghana,GHA,2014,7.400000095
Ghana,GHA,2015,7.699999809
Ghana,GHA,2016,7.599999905
Ghana,GHA,2017,7.099999905
Ghana,GHA,2018,6.400000095
Ghana,GHA,2019,6.099999905
Greece,GRC,2001,2.5
Greece,GRC,2002,2.5
Greece,GRC,2003,2.5
Greece,GRC,2004,2.5
Greece,GRC,2005,2.5
Greece,GRC,2006,2.5
Greece,GRC,2007,2.5
Greece,GRC,2008,2.5
Greece,GRC,2009,2.5
Greece,GRC,2010,2.5
Greece,GRC,2011,2.5
Greece,GRC,2012,2.5
Greece,GRC,2013,2.5
Greece,GRC,2014,2.5
Greece,GRC,2015,2.5
Greece,GRC,2016,2.5
Greece,GRC,2017,2.5
Greece,GRC,2018,2.5
Greece,GRC,2019,2.5
Guatemala,GTM,2001,22.20000076
Guatemala,GTM,2002,19.89999962
Guatemala,GTM,2003,18.89999962
Guatemala,GTM,2004,19.10000038
Guatemala,GTM,2005,18.89999962
Guatemala,GTM,2006,17.79999924
Guatemala,GTM,2007,18.20000076
Guatemala,GTM,2008,17.89999962
Guatemala,GTM,2009,17.70000076
Guatemala,GTM,2010,16.5
Guatemala,GTM,2011,16.5
Guatemala,GTM,2012,17
Guatemala,GTM,2013,17.60000038
Guatemala,GTM,2014,17.70000076
Guatemala,GTM,2015,17.29999924
Guatemala,GTM,2016,16.39999962
Guatemala,GTM,2017,16.29999924
Guatemala,GTM,2018,16
Guatemala,GTM,2019,16.79999924
Guyana,GUY,2001,6.5
Guyana,GUY,2002,6.5
Guyana,GUY,2003,6.800000191
Guyana,GUY,2004,6.900000095
Guyana,GUY,2005,7.099999905
Guyana,GUY,2006,7.099999905
Guyana,GUY,2007,7.5
Guyana,GUY,2008,7.599999905
Guyana,GUY,2009,7.699999809
Guyana,GUY,2010,7.300000191
Guyana,GUY,2011,6.599999905
Guyana,GUY,2012,5.900000095
Guyana,GUY,2013,5.900000095
Guyana,GUY,2014,6.099999905
Guyana,GUY,2015,6.699999809
Guyana,GUY,2016,6.300000191
Guyana,GUY,2017,6
Guyana,GUY,2018,5.5
Guyana,GUY,2019,5.199999809
Haiti,HTI,2001,53.20000076
Haiti,HTI,2002,54.70000076
Haiti,HTI,2003,55.09999847
Haiti,HTI,2004,55.70000076
Haiti,HTI,2005,55
Haiti,HTI,2006,54.20000076
Haiti,HTI,2007,52.70000076
Haiti,HTI,2008,51.40000153
Haiti,HTI,2009,48.90000153
Haiti,HTI,2010,47.5
Haiti,HTI,2011,46.79999924
Haiti,HTI,2012,47.70000076
Haiti,HTI,2013,47.09999847
Haiti,HTI,2014,46.40000153
Haiti,HTI,2015,46.09999847
Haiti,HTI,2016,46.70000076
Haiti,HTI,2017,48
Haiti,HTI,2018,47.90000153
Haiti,HTI,2019,46.79999924
High income,,2001,2.67554903
High income,,2002,2.679351807
High income,,2003,2.682734966
High income,,2004,2.686105013
High income,,2005,2.68076396
High income,,2006,2.681746006
High income,,2007,2.695704699
High income,,2008,2.714250565
High income,,2009,2.728231668
High income,,2010,2.732985973
High income,,2011,2.68746829
High income,,2012,2.668336391
High income,,2013,2.638008118
High income,,2014,2.625855923
High income,,2015,2.613749266
High income,,2016,2.618048429
High income,,2017,2.611172438
High income,,2018,2.611480713
High income,,2019,2.618119478
Honduras,HND,2001,21.89999962
Honduras,HND,2002,21.20000076
Honduras,HND,2003,21.70000076
Honduras,HND,2004,22.20000076
Honduras,HND,2005,22.29999924
Honduras,HND,2006,21.79999924
Honduras,HND,2007,21
Honduras,HND,2008,20.79999924
Honduras,HND,2009,18.29999924
Honduras,HND,2010,15.89999962
Honduras,HND,2011,13.5
Honduras,HND,2012,13.39999962
Honduras,HND,2013,14.10000038
Honduras,HND,2014,14.60000038
Honduras,HND,2015,14.5
Honduras,HND,2016,13.80000019
Honduras,HND,2017,13.19999981
Honduras,HND,2018,13.10000038
Honduras,HND,2019,13.5
Hong Kong,HKG,2001,2.5
Hong Kong,HKG,2002,2.5
Hong Kong,HKG,2003,2.5
Hong Kong,HKG,2004,2.5
Hong Kong,HKG,2005,2.5
Hong Kong,HKG,2006,2.5
Hong Kong,HKG,2007,2.5
Hong Kong,HKG,2008,2.5
Hong Kong,HKG,2009,2.5
Hong Kong,HKG,2010,2.5
Hong Kong,HKG,2011,2.5
Hong Kong,HKG,2012,2.5
Hong Kong,HKG,2013,2.5
Hong Kong,HKG,2014,2.5
Hong Kong,HKG,2015,2.5
Hong Kong,HKG,2016,2.5
Hong Kong,HKG,2017,2.5
Hong Kong,HKG,2018,2.5
Hong Kong,HKG,2019,2.5
Hungary,HUN,2001,2.5
Hungary,HUN,2002,2.5
Hungary,HUN,2003,2.5
Hungary,HUN,2004,2.5
Hungary,HUN,2005,2.5
Hungary,HUN,2006,2.5
Hungary,HUN,2007,2.5
Hungary,HUN,2008,2.5
Hungary,HUN,2009,2.5
Hungary,HUN,2010,2.5
Hungary,HUN,2011,2.5
Hungary,HUN,2012,2.5
Hungary,HUN,2013,2.5
Hungary,HUN,2014,2.5
Hungary,HUN,2015,2.5
Hungary,HUN,2016,2.5
Hungary,HUN,2017,2.5
Hungary,HUN,2018,2.5
Hungary,HUN,2019,2.5
Iceland,ISL,2001,2.5
Iceland,ISL,2002,2.5
Iceland,ISL,2003,2.5
Iceland,ISL,2004,2.5
Iceland,ISL,2005,2.5
Iceland,ISL,2006,2.5
Iceland,ISL,2007,2.5
Iceland,ISL,2008,2.5
Iceland,ISL,2009,2.5
Iceland,ISL,2010,2.5
Iceland,ISL,2011,2.5
Iceland,ISL,2012,2.5
Iceland,ISL,2013,2.5
Iceland,ISL,2014,2.5
Iceland,ISL,2015,2.5
Iceland,ISL,2016,2.5
Iceland,ISL,2017,2.5
Iceland,ISL,2018,2.5
Iceland,ISL,2019,2.5
India,IND,2001,18.39999962
India,IND,2002,20.10000038
India,IND,2003,21.5
India,IND,2004,22.10000038
India,IND,2005,21.60000038
India,IND,2006,19.60000038
India,IND,2007,17.5
India,IND,2008,16.60000038
India,IND,2009,16.29999924
India,IND,2010,16
India,IND,2011,15.60000038
India,IND,2012,15
India,IND,2013,15.10000038
India,IND,2014,14.89999962
India,IND,2015,14.69999981
India,IND,2016,14.19999981
India,IND,2017,13.80000019
India,IND,2018,14
India,IND,2019,15.30000019
Indonesia,IDN,2001,19.20000076
Indonesia,IDN,2002,19.10000038
Indonesia,IDN,2003,18.89999962
Indonesia,IDN,2004,19.10000038
Indonesia,IDN,2005,19.20000076
Indonesia,IDN,2006,19
Indonesia,IDN,2007,18.5
Indonesia,IDN,2008,17.39999962
Indonesia,IDN,2009,15.5
Indonesia,IDN,2010,13
Indonesia,IDN,2011,10.69999981
Indonesia,IDN,2012,9.399999619
Indonesia,IDN,2013,8.300000191
Indonesia,IDN,2014,7.699999809
Indonesia,IDN,2015,7
Indonesia,IDN,2016,6.800000191
Indonesia,IDN,2017,6.400000095
Indonesia,IDN,2018,6.400000095
Indonesia,IDN,2019,6.5
Iran,IRN,2001,4.800000191
Iran,IRN,2002,5
Iran,IRN,2003,5
Iran,IRN,2004,4.900000095
Iran,IRN,2005,5.199999809
Iran,IRN,2006,5.5
Iran,IRN,2007,5.699999809
Iran,IRN,2008,5.400000095
Iran,IRN,2009,5.5
Iran,IRN,2010,6
Iran,IRN,2011,6.300000191
Iran,IRN,2012,6.199999809
Iran,IRN,2013,5.300000191
Iran,IRN,2014,4.900000095
Iran,IRN,2015,4.699999809
Iran,IRN,2016,4.900000095
Iran,IRN,2017,5.199999809
Iran,IRN,2018,5.400000095
Iran,IRN,2019,5.5
Iraq,IRQ,2001,22.39999962
Iraq,IRQ,2002,22.70000076
Iraq,IRQ,2003,23.10000038
Iraq,IRQ,2004,23.79999924
Iraq,IRQ,2005,23.79999924
Iraq,IRQ,2006,25.10000038
Iraq,IRQ,2007,25.70000076
Iraq,IRQ,2008,24.89999962
Iraq,IRQ,2009,27.89999962
Iraq,IRQ,2010,31.60000038
Iraq,IRQ,2011,36.70000076
Iraq,IRQ,2012,37.09999847
Iraq,IRQ,2013,36.70000076
Iraq,IRQ,2014,36.79999924
Iraq,IRQ,2015,37.79999924
Iraq,IRQ,2016,38.40000153
Iraq,IRQ,2017,37.90000153
Iraq,IRQ,2018,37.40000153
Iraq,IRQ,2019,37.5
Ireland,IRL,2001,2.5
Ireland,IRL,2002,2.5
Ireland,IRL,2003,2.5
Ireland,IRL,2004,2.5
Ireland,IRL,2005,2.5
Ireland,IRL,2006,2.5
Ireland,IRL,2007,2.5
Ireland,IRL,2008,2.5
Ireland,IRL,2009,2.5
Ireland,IRL,2010,2.5
Ireland,IRL,2011,2.5
Ireland,IRL,2012,2.5
Ireland,IRL,2013,2.5
Ireland,IRL,2014,2.5
Ireland,IRL,2015,2.5
Ireland,IRL,2016,2.5
Ireland,IRL,2017,2.5
Ireland,IRL,2018,2.5
Ireland,IRL,2019,2.5
Israel,ISR,2001,2.5
Israel,ISR,2002,2.5
Israel,ISR,2003,2.5
Israel,ISR,2004,2.5
Israel,ISR,2005,2.5
Israel,ISR,2006,2.5
Israel,ISR,2007,2.5
Israel,ISR,2008,2.5
Israel,ISR,2009,2.5
Israel,ISR,2010,2.5
Israel,ISR,2011,2.5
Israel,ISR,2012,2.5
Israel,ISR,2013,2.5
Israel,ISR,2014,2.5
Israel,ISR,2015,2.5
Israel,ISR,2016,2.5
Israel,ISR,2017,2.5
Israel,ISR,2018,2.5
Israel,ISR,2019,2.5
Italy,ITA,2001,2.5
Italy,ITA,2002,2.5
Italy,ITA,2003,2.5
Italy,ITA,2004,2.5
Italy,ITA,2005,2.5
Italy,ITA,2006,2.5
Italy,ITA,2007,2.5
Italy,ITA,2008,2.5
Italy,ITA,2009,2.5
Italy,ITA,2010,2.5
Italy,ITA,2011,2.5
Italy,ITA,2012,2.5
Italy,ITA,2013,2.5
Italy,ITA,2014,2.5
Italy,ITA,2015,2.5
Italy,ITA,2016,2.5
Italy,ITA,2017,2.5
Italy,ITA,2018,2.5
Italy,ITA,2019,2.5
Jamaica,JAM,2001,7.400000095
Jamaica,JAM,2002,6.900000095
Jamaica,JAM,2003,7
Jamaica,JAM,2004,7.099999905
Jamaica,JAM,2005,7.400000095
Jamaica,JAM,2006,7.699999809
Jamaica,JAM,2007,8.300000191
Jamaica,JAM,2008,9
Jamaica,JAM,2009,9.5
Jamaica,JAM,2010,9.600000381
Jamaica,JAM,2011,9.800000191
Jamaica,JAM,2012,10.10000038
Jamaica,JAM,2013,10.10000038
Jamaica,JAM,2014,9.699999809
Jamaica,JAM,2015,9.600000381
Jamaica,JAM,2016,9.300000191
Jamaica,JAM,2017,8.800000191
Jamaica,JAM,2018,7.699999809
Jamaica,JAM,2019,7.699999809
Japan,JPN,2001,2.5
Japan,JPN,2002,2.5
Japan,JPN,2003,2.5
Japan,JPN,2004,2.5
Japan,JPN,2005,2.5
Japan,JPN,2006,2.5
Japan,JPN,2007,2.5
Japan,JPN,2008,2.5
Japan,JPN,2009,2.599999905
Japan,JPN,2010,2.700000048
Japan,JPN,2011,2.5
Japan,JPN,2012,2.5
Japan,JPN,2013,2.5
Japan,JPN,2014,2.5
Japan,JPN,2015,2.5
Japan,JPN,2016,2.5
Japan,JPN,2017,2.5
Japan,JPN,2018,2.5
Japan,JPN,2019,2.5
Jordan,JOR,2001,9.699999809
Jordan,JOR,2002,7.699999809
Jordan,JOR,2003,6.300000191
Jordan,JOR,2004,5.699999809
Jordan,JOR,2005,5.5
Jordan,JOR,2006,5.699999809
Jordan,JOR,2007,6.099999905
Jordan,JOR,2008,6.5
Jordan,JOR,2009,6.900000095
Jordan,JOR,2010,7.099999905
Jordan,JOR,2011,7.5
Jordan,JOR,2012,8.5
Jordan,JOR,2013,7.900000095
Jordan,JOR,2014,7.199999809
Jordan,JOR,2015,6.300000191
Jordan,JOR,2016,7.099999905
Jordan,JOR,2017,7.699999809
Jordan,JOR,2018,8.199999809
Jordan,JOR,2019,9.5
Kazakhstan,KAZ,2001,6.5
Kazakhstan,KAZ,2002,6.599999905
Kazakhstan,KAZ,2003,7.099999905
Kazakhstan,KAZ,2004,7.5
Kazakhstan,KAZ,2005,7.300000191
Kazakhstan,KAZ,2006,6.300000191
Kazakhstan,KAZ,2007,5.099999905
Kazakhstan,KAZ,2008,4.300000191
Kazakhstan,KAZ,2009,3.900000095
Kazakhstan,KAZ,2010,3.5
Kazakhstan,KAZ,2011,3.200000048
Kazakhstan,KAZ,2012,2.799999952
Kazakhstan,KAZ,2013,2.599999905
Kazakhstan,KAZ,2014,2.5
Kazakhstan,KAZ,2015,2.5
Kazakhstan,KAZ,2016,2.5
Kazakhstan,KAZ,2017,2.599999905
Kazakhstan,KAZ,2018,2.5
Kazakhstan,KAZ,2019,2.5
Kenya,KEN,2001,32.20000076
Kenya,KEN,2002,33.59999847
Kenya,KEN,2003,34.90000153
Kenya,KEN,2004,32.09999847
Kenya,KEN,2005,28.5
Kenya,KEN,2006,26.10000038
Kenya,KEN,2007,26.89999962
Kenya,KEN,2008,26.60000038
Kenya,KEN,2009,24.10000038
Kenya,KEN,2010,24.20000076
Kenya,KEN,2011,23.89999962
Kenya,KEN,2012,24.89999962
Kenya,KEN,2013,22.10000038
Kenya,KEN,2014,20.89999962
Kenya,KEN,2015,21.5
Kenya,KEN,2016,23.20000076
Kenya,KEN,2017,24.60000038
Kenya,KEN,2018,24.39999962
Kenya,KEN,2019,24.79999924
Kiribati,KIR,2001,4.400000095
Kiribati,KIR,2002,4.599999905
Kiribati,KIR,2003,5
Kiribati,KIR,2004,5.099999905
Kiribati,KIR,2005,5.300000191
Kiribati,KIR,2006,5.5
Kiribati,KIR,2007,6
Kiribati,KIR,2008,6.199999809
Kiribati,KIR,2009,6
Kiribati,KIR,2010,5.599999905
Kiribati,KIR,2011,5.199999809
Kiribati,KIR,2012,5
Kiribati,KIR,2013,4.300000191
Kiribati,KIR,2014,3.799999952
Kiribati,KIR,2015,3.200000048
Kiribati,KIR,2016,3.299999952
Kiribati,KIR,2017,3.5
Kiribati,KIR,2018,3.799999952
Kiribati,KIR,2019,4.099999905
Kuwait,KWT,2001,2.599999905
Kuwait,KWT,2002,2.5
Kuwait,KWT,2003,2.5
Kuwait,KWT,2004,2.5
Kuwait,KWT,2005,2.5
Kuwait,KWT,2006,2.5
Kuwait,KWT,2007,2.5
Kuwait,KWT,2008,2.5
Kuwait,KWT,2009,2.5
Kuwait,KWT,2010,2.5
Kuwait,KWT,2011,2.5
Kuwait,KWT,2012,2.5
Kuwait,KWT,2013,2.5
Kuwait,KWT,2014,2.5
Kuwait,KWT,2015,2.5
Kuwait,KWT,2016,2.5
Kuwait,KWT,2017,2.5
Kuwait,KWT,2018,2.5
Kuwait,KWT,2019,2.5
Kyrgyzstan,KGZ,2001,15.10000038
Kyrgyzstan,KGZ,2002,13.19999981
Kyrgyzstan,KGZ,2003,11
Kyrgyzstan,KGZ,2004,9
Kyrgyzstan,KGZ,2005,9
Kyrgyzstan,KGZ,2006,9.699999809
Kyrgyzstan,KGZ,2007,10.39999962
Kyrgyzstan,KGZ,2008,9.800000191
Kyrgyzstan,KGZ,2009,9
Kyrgyzstan,KGZ,2010,8.300000191
Kyrgyzstan,KGZ,2011,8.100000381
Kyrgyzstan,KGZ,2012,8.100000381
Kyrgyzstan,KGZ,2013,7.900000095
Kyrgyzstan,KGZ,2014,7.599999905
Kyrgyzstan,KGZ,2015,8
Kyrgyzstan,KGZ,2016,7.900000095
Kyrgyzstan,KGZ,2017,7.699999809
Kyrgyzstan,KGZ,2018,7.199999809
Kyrgyzstan,KGZ,2019,7.199999809
Laos,LAO,2001,31.20000076
Laos,LAO,2002,29.5
Laos,LAO,2003,26.89999962
Laos,LAO,2004,24.10000038
Laos,LAO,2005,22.39999962
Laos,LAO,2006,20.60000038
Laos,LAO,2007,20.10000038
Laos,LAO,2008,18.29999924
Laos,LAO,2009,17.70000076
Laos,LAO,2010,16
Laos,LAO,2011,15.89999962
Laos,LAO,2012,14.5
Laos,LAO,2013,12.19999981
Laos,LAO,2014,9
Laos,LAO,2015,6.699999809
Laos,LAO,2016,5.900000095
Laos,LAO,2017,5.599999905
Laos,LAO,2018,5.400000095
Laos,LAO,2019,5.300000191
Latin America and Caribbean,,2001,10.8240366
Latin America and Caribbean,,2002,10.5675993
Latin America and Caribbean,,2003,10.3404274
Latin America and Caribbean,,2004,9.788855553
Latin America and Caribbean,,2005,9.358739853
Latin America and Caribbean,,2006,8.831679344
Latin America and Caribbean,,2007,8.314511299
Latin America and Caribbean,,2008,8.00992012
Latin America and Caribbean,,2009,7.537837029
Latin America and Caribbean,,2010,7.15968132
Latin America and Caribbean,,2011,6.580305576
Latin America and Caribbean,,2012,6.268802166
Latin America and Caribbean,,2013,5.848715305
Latin America and Caribbean,,2014,5.758193016
Latin America and Caribbean,,2015,6.086175442
Latin America and Caribbean,,2016,6.518139839
Latin America and Caribbean,,2017,6.936258316
Latin America and Caribbean,,2018,7.10967207
Latin America and Caribbean,,2019,7.722480774
Latvia,LVA,2001,4.599999905
Latvia,LVA,2002,3.400000095
Latvia,LVA,2003,2.799999952
Latvia,LVA,2004,2.5
Latvia,LVA,2005,2.5
Latvia,LVA,2006,2.5
Latvia,LVA,2007,2.5
Latvia,LVA,2008,2.5
Latvia,LVA,2009,2.5
Latvia,LVA,2010,2.5
Latvia,LVA,2011,2.5
Latvia,LVA,2012,2.5
Latvia,LVA,2013,2.5
Latvia,LVA,2014,2.5
Latvia,LVA,2015,2.5
Latvia,LVA,2016,2.5
Latvia,LVA,2017,2.5
Latvia,LVA,2018,2.5
Latvia,LVA,2019,2.5
Lebanon,LBN,2001,7.800000191
Lebanon,LBN,2002,8.600000381
Lebanon,LBN,2003,9.600000381
Lebanon,LBN,2004,10.69999981
Lebanon,LBN,2005,10.89999962
Lebanon,LBN,2006,10.5
Lebanon,LBN,2007,9.899999619
Lebanon,LBN,2008,9.399999619
Lebanon,LBN,2009,9.600000381
Lebanon,LBN,2010,10.19999981
Lebanon,LBN,2011,12.10000038
Lebanon,LBN,2012,14.89999962
Lebanon,LBN,2013,12.60000038
Lebanon,LBN,2014,9.600000381
Lebanon,LBN,2015,5.900000095
Lebanon,LBN,2016,6.199999809
Lebanon,LBN,2017,6.699999809
Lebanon,LBN,2018,7.199999809
Lebanon,LBN,2019,9.300000191
Lesotho,LSO,2001,20
Lesotho,LSO,2002,18.5
Lesotho,LSO,2003,16.79999924
Lesotho,LSO,2004,15.30000019
Lesotho,LSO,2005,13.69999981
Lesotho,LSO,2006,12.80000019
Lesotho,LSO,2007,12.39999962
Lesotho,LSO,2008,12.30000019
Lesotho,LSO,2009,11.89999962
Lesotho,LSO,2010,11.60000038
Lesotho,LSO,2011,11.5
Lesotho,LSO,2012,11.80000019
Lesotho,LSO,2013,14.80000019
Lesotho,LSO,2014,20.79999924
Lesotho,LSO,2015,29.89999962
Lesotho,LSO,2016,28.29999924
Lesotho,LSO,2017,26
Lesotho,LSO,2018,20.79999924
Lesotho,LSO,2019,23.5
Liberia,LBR,2001,36.59999847
Liberia,LBR,2002,38.09999847
Liberia,LBR,2003,37.59999847
Liberia,LBR,2004,36.5
Liberia,LBR,2005,35.79999924
Liberia,LBR,2006,35.29999924
Liberia,LBR,2007,34.40000153
Liberia,LBR,2008,32.90000153
Liberia,LBR,2009,32.90000153
Liberia,LBR,2010,34.59999847
Liberia,LBR,2011,35.20000076
Liberia,LBR,2012,36.29999924
Liberia,LBR,2013,36
Liberia,LBR,2014,37.20000076
Liberia,LBR,2015,36.40000153
Liberia,LBR,2016,36.40000153
Liberia,LBR,2017,36.59999847
Liberia,LBR,2018,37.5
Liberia,LBR,2019,38.90000153
Lithuania,LTU,2001,2.5
Lithuania,LTU,2002,2.5
Lithuania,LTU,2003,2.5
Lithuania,LTU,2004,2.5
Lithuania,LTU,2005,2.5
Lithuania,LTU,2006,2.5
Lithuania,LTU,2007,2.5
Lithuania,LTU,2008,2.5
Lithuania,LTU,2009,2.5
Lithuania,LTU,2010,2.5
Lithuania,LTU,2011,2.5
Lithuania,LTU,2012,2.5
Lithuania,LTU,2013,2.5
Lithuania,LTU,2014,2.5
Lithuania,LTU,2015,2.5
Lithuania,LTU,2016,2.5
Lithuania,LTU,2017,2.5
Lithuania,LTU,2018,2.5
Lithuania,LTU,2019,2.5
Low and middle income,,2001,15.42663479
Low and middle income,,2002,15.46103287
Low and middle income,,2003,15.36300755
Low and middle income,,2004,15.01371956
Low and middle income,,2005,14.40614986
Low and middle income,,2006,13.45205975
Low and middle income,,2007,12.51576328
Low and middle income,,2008,11.88881397
Low and middle income,,2009,11.27205849
Low and middle income,,2010,10.94152546
Low and middle income,,2011,10.64801693
Low and middle income,,2012,10.48605728
Low and middle income,,2013,10.24468803
Low and middle income,,2014,10.02427673
Low and middle income,,2015,9.859195709
Low and middle income,,2016,9.773538589
Low and middle income,,2017,9.716485023
Low and middle income,,2018,9.772830963
Low and middle income,,2019,10.4099884
Low income,,2001,36.81651688
Low income,,2002,35.76482773
Low income,,2003,34.85663986
Low income,,2004,33.78427505
Low income,,2005,32.95998764
Low income,,2006,32.02656555
Low income,,2007,31.27990913
Low income,,2008,30.51730347
Low income,,2009,29.26497269
Low income,,2010,28.82392693
Low income,,2011,28.53556442
Low income,,2012,29.02728081
Low income,,2013,27.98342133
Low income,,2014,27.31538773
Low income,,2015,26.81805611
Low income,,2016,26.98866844
Low income,,2017,27.35611916
Low income,,2018,27.49929237
Low income,,2019,28.65502739
Lower middle income,,2001,18.09220886
Lower middle income,,2002,18.64778328
Lower middle income,,2003,18.96054077
Lower middle income,,2004,18.84612083
Lower middle income,,2005,18.22909355
Lower middle income,,2006,16.97166061
Lower middle income,,2007,15.74873066
Lower middle income,,2008,15.05690861
Lower middle income,,2009,14.55473137
Lower middle income,,2010,14.051507
Lower middle income,,2011,13.49014473
Lower middle income,,2012,13.08277702
Lower middle income,,2013,12.79004383
Lower middle income,,2014,12.42322922
Lower middle income,,2015,12.08771801
Lower middle income,,2016,11.75710487
Lower middle income,,2017,11.47867298
Lower middle income,,2018,11.46329021
Lower middle income,,2019,12.30479717
Luxembourg,LUX,2001,2.5
Luxembourg,LUX,2002,2.5
Luxembourg,LUX,2003,2.5
Luxembourg,LUX,2004,2.5
Luxembourg,LUX,2005,2.5
Luxembourg,LUX,2006,2.5
Luxembourg,LUX,2007,2.5
Luxembourg,LUX,2008,2.5
Luxembourg,LUX,2009,2.5
Luxembourg,LUX,2010,2.5
Luxembourg,LUX,2011,2.5
Luxembourg,LUX,2012,2.5
Luxembourg,LUX,2013,2.5
Luxembourg,LUX,2014,2.5
Luxembourg,LUX,2015,2.5
Luxembourg,LUX,2016,2.5
Luxembourg,LUX,2017,2.5
Luxembourg,LUX,2018,2.5
Luxembourg,LUX,2019,2.5
Macao,MAC,2001,21.20000076
Macao,MAC,2002,20.60000038
Macao,MAC,2003,19.10000038
Macao,MAC,2004,17.29999924
Macao,MAC,2005,16
Macao,MAC,2006,15.19999981
Macao,MAC,2007,14.89999962
Macao,MAC,2008,14.5
Macao,MAC,2009,14.19999981
Macao,MAC,2010,13.80000019
Macao,MAC,2011,13.30000019
Macao,MAC,2012,13
Macao,MAC,2013,10.10000038
Macao,MAC,2014,7.599999905
Macao,MAC,2015,5.099999905
Macao,MAC,2016,5
Macao,MAC,2017,4.800000191
Macao,MAC,2018,4.5
Macao,MAC,2019,4.300000191
Madagascar,MDG,2001,33.79999924
Madagascar,MDG,2002,35.20000076
Madagascar,MDG,2003,36.5
Madagascar,MDG,2004,35
Madagascar,MDG,2005,33.40000153
Madagascar,MDG,2006,31
Madagascar,MDG,2007,30.5
Madagascar,MDG,2008,30.39999962
Madagascar,MDG,2009,30.29999924
Madagascar,MDG,2010,29
Madagascar,MDG,2011,28.29999924
Madagascar,MDG,2012,29.70000076
Madagascar,MDG,2013,33.09999847
Madagascar,MDG,2014,37.59999847
Madagascar,MDG,2015,40.20000076
Madagascar,MDG,2016,41.59999847
Madagascar,MDG,2017,42.29999924
Madagascar,MDG,2018,42.59999847
Madagascar,MDG,2019,43.20000076
Malawi,MWI,2001,23.60000038
Malawi,MWI,2002,23.79999924
Malawi,MWI,2003,24.60000038
Malawi,MWI,2004,24
Malawi,MWI,2005,22.5
Malawi,MWI,2006,20.79999924
Malawi,MWI,2007,19.29999924
Malawi,MWI,2008,19
Malawi,MWI,2009,17.5
Malawi,MWI,2010,16.39999962
Malawi,MWI,2011,15.19999981
Malawi,MWI,2012,15.89999962
Malawi,MWI,2013,16.20000076
Malawi,MWI,2014,16.10000038
Malawi,MWI,2015,16
Malawi,MWI,2016,16.10000038
Malawi,MWI,2017,16.5
Malawi,MWI,2018,16.79999924
Malawi,MWI,2019,17.29999924
Malaysia,MYS,2001,2.5
Malaysia,MYS,2002,2.799999952
Malaysia,MYS,2003,2.900000095
Malaysia,MYS,2004,3.099999905
Malaysia,MYS,2005,3.200000048
Malaysia,MYS,2006,3.400000095
Malaysia,MYS,2007,3.599999905
Malaysia,MYS,2008,3.599999905
Malaysia,MYS,2009,3.5
Malaysia,MYS,2010,3.200000048
Malaysia,MYS,2011,3
Malaysia,MYS,2012,2.799999952
Malaysia,MYS,2013,3.200000048
Malaysia,MYS,2014,3.400000095
Malaysia,MYS,2015,3.799999952
Malaysia,MYS,2016,3.5
Malaysia,MYS,2017,3.400000095
Malaysia,MYS,2018,3.200000048
Malaysia,MYS,2019,3.200000048
Mali,MLI,2001,16.20000076
Mali,MLI,2002,15.19999981
Mali,MLI,2003,15.10000038
Mali,MLI,2004,14.39999962
Mali,MLI,2005,13.30000019
Mali,MLI,2006,11.89999962
Mali,MLI,2007,10.39999962
Mali,MLI,2008,9.399999619
Mali,MLI,2009,7.5
Mali,MLI,2010,6
Mali,MLI,2011,4.800000191
Mali,MLI,2012,4.699999809
Mali,MLI,2013,4.800000191
Mali,MLI,2014,4.900000095
Mali,MLI,2015,5
Mali,MLI,2016,5.300000191
Mali,MLI,2017,6.300000191
Mali,MLI,2018,7.699999809
Mali,MLI,2019,10.39999962
Malta,MLT,2001,2.5
Malta,MLT,2002,2.5
Malta,MLT,2003,2.5
Malta,MLT,2004,2.5
Malta,MLT,2005,2.5
Malta,MLT,2006,2.5
Malta,MLT,2007,2.5
Malta,MLT,2008,2.5
Malta,MLT,2009,2.5
Malta,MLT,2010,2.5
Malta,MLT,2011,2.5
Malta,MLT,2012,2.5
Malta,MLT,2013,2.5
Malta,MLT,2014,2.5
Malta,MLT,2015,2.5
Malta,MLT,2016,2.5
Malta,MLT,2017,2.5
Malta,MLT,2018,2.5
Malta,MLT,2019,2.5
Mauritania,MRT,2001,8.300000191
Mauritania,MRT,2002,7.900000095
Mauritania,MRT,2003,8.300000191
Mauritania,MRT,2004,8.5
Mauritania,MRT,2005,9.399999619
Mauritania,MRT,2006,8.800000191
Mauritania,MRT,2007,8.100000381
Mauritania,MRT,2008,7.300000191
Mauritania,MRT,2009,7.199999809
Mauritania,MRT,2010,7.300000191
Mauritania,MRT,2011,7.099999905
Mauritania,MRT,2012,7
Mauritania,MRT,2013,7.300000191
Mauritania,MRT,2014,7.699999809
Mauritania,MRT,2015,8.300000191
Mauritania,MRT,2016,8.5
Mauritania,MRT,2017,8.600000381
Mauritania,MRT,2018,8.699999809
Mauritania,MRT,2019,9.100000381
Mauritius,MUS,2001,5.699999809
Mauritius,MUS,2002,5.599999905
Mauritius,MUS,2003,5.400000095
Mauritius,MUS,2004,5.199999809
Mauritius,MUS,2005,5.099999905
Mauritius,MUS,2006,5
Mauritius,MUS,2007,5.199999809
Mauritius,MUS,2008,5
Mauritius,MUS,2009,4.800000191
Mauritius,MUS,2010,4.699999809
Mauritius,MUS,2011,5.300000191
Mauritius,MUS,2012,5.599999905
Mauritius,MUS,2013,5.599999905
Mauritius,MUS,2014,5.300000191
Mauritius,MUS,2015,5.599999905
Mauritius,MUS,2016,5.699999809
Mauritius,MUS,2017,5.900000095
Mauritius,MUS,2018,5.699999809
Mauritius,MUS,2019,6.199999809
Mexico,MEX,2001,3.299999952
Mexico,MEX,2002,3.700000048
Mexico,MEX,2003,4.300000191
Mexico,MEX,2004,4.599999905
Mexico,MEX,2005,4.400000095
Mexico,MEX,2006,4.099999905
Mexico,MEX,2007,4.099999905
Mexico,MEX,2008,4.5
Mexico,MEX,2009,4.800000191
Mexico,MEX,2010,5
Mexico,MEX,2011,4.900000095
Mexico,MEX,2012,4.800000191
Mexico,MEX,2013,4.300000191
Mexico,MEX,2014,4.400000095
Mexico,MEX,2015,5
Mexico,MEX,2016,5.800000191
Mexico,MEX,2017,6.099999905
Mexico,MEX,2018,6.199999809
Mexico,MEX,2019,7.199999809
Middle East and North Africa,,2001,8.347758293
Middle East and North Africa,,2002,8.418598175
Middle East and North Africa,,2003,8.596320152
Middle East and North Africa,,2004,8.765911102
Middle East and North Africa,,2005,8.776644707
Middle East and North Africa,,2006,8.748951912
Middle East and North Africa,,2007,8.695969582
Middle East and North Africa,,2008,8.552230835
Middle East and North Africa,,2009,8.621630669
Middle East and North Africa,,2010,9.139748573
Middle East and North Africa,,2011,9.587463379
Middle East and North Africa,,2012,9.944926262
Middle East and North Africa,,2013,9.572374344
Middle East and North Africa,,2014,9.615689278
Middle East and North Africa,,2015,9.823820114
Middle East and North Africa,,2016,10.21929741
Middle East and North Africa,,2017,10.38284874
Middle East and North Africa,,2018,10.38078117
Middle East and North Africa,,2019,10.65035248
Middle income,,2001,13.95148563
Middle income,,2002,14.03825855
Middle income,,2003,13.97460175
Middle income,,2004,13.65501976
Middle income,,2005,13.04176998
Middle income,,2006,12.06498909
Middle income,,2007,11.09316444
Middle income,,2008,10.45521736
Middle income,,2009,9.866353035
Middle income,,2010,9.522808075
Middle income,,2011,9.206733704
Middle income,,2012,8.968895912
Middle income,,2013,8.770545959
Middle income,,2014,8.564894676
Middle income,,2015,8.405615807
Middle income,,2016,8.275343895
Middle income,,2017,8.158132553
Middle income,,2018,8.182705879
Middle income,,2019,8.747727394
Mongolia,MNG,2001,31.10000038
Mongolia,MNG,2002,30.60000038
Mongolia,MNG,2003,30.79999924
Mongolia,MNG,2004,30.70000076
Mongolia,MNG,2005,29.60000038
Mongolia,MNG,2006,27.39999962
Mongolia,MNG,2007,25.20000076
Mongolia,MNG,2008,22.29999924
Mongolia,MNG,2009,20.5
Mongolia,MNG,2010,19.10000038
Mongolia,MNG,2011,18.39999962
Mongolia,MNG,2012,17.29999924
Mongolia,MNG,2013,14.69999981
Mongolia,MNG,2014,11.5
Mongolia,MNG,2015,8.399999619
Mongolia,MNG,2016,7.400000095
Mongolia,MNG,2017,6.300000191
Mongolia,MNG,2018,5.5
Mongolia,MNG,2019,4.300000191
Montenegro,MNE,2001,9.600000381
Montenegro,MNE,2002,9.199999809
Montenegro,MNE,2003,8.399999619
Montenegro,MNE,2004,7.699999809
Montenegro,MNE,2005,5.5
Montenegro,MNE,2006,3.099999905
Montenegro,MNE,2007,2.5
Montenegro,MNE,2008,2.5
Montenegro,MNE,2009,2.5
Montenegro,MNE,2010,2.5
Montenegro,MNE,2011,2.5
Montenegro,MNE,2012,2.5
Montenegro,MNE,2013,2.5
Montenegro,MNE,2014,2.5
Montenegro,MNE,2015,2.5
Montenegro,MNE,2016,2.5
Montenegro,MNE,2017,2.5
Montenegro,MNE,2018,2.5
Montenegro,MNE,2019,2.5
Morocco,MAR,2001,6.300000191
Morocco,MAR,2002,5.900000095
Morocco,MAR,2003,5.599999905
Morocco,MAR,2004,5.5
Morocco,MAR,2005,5.5
Morocco,MAR,2006,5.599999905
Morocco,MAR,2007,5.5
Morocco,MAR,2008,5.599999905
Morocco,MAR,2009,5.599999905
Morocco,MAR,2010,5.5
Morocco,MAR,2011,5.300000191
Morocco,MAR,2012,4.900000095
Morocco,MAR,2013,4.400000095
Morocco,MAR,2014,4.099999905
Morocco,MAR,2015,3.799999952
Morocco,MAR,2016,3.799999952
Morocco,MAR,2017,3.700000048
Morocco,MAR,2018,3.700000048
Morocco,MAR,2019,4.199999809
Mozambique,MOZ,2001,36.5
Mozambique,MOZ,2002,35.20000076
Mozambique,MOZ,2003,34.09999847
Mozambique,MOZ,2004,34.09999847
Mozambique,MOZ,2005,33.29999924
Mozambique,MOZ,2006,32.40000153
Mozambique,MOZ,2007,29.89999962
Mozambique,MOZ,2008,28.60000038
Mozambique,MOZ,2009,25.79999924
Mozambique,MOZ,2010,24.10000038
Mozambique,MOZ,2011,21.79999924
Mozambique,MOZ,2012,21
Mozambique,MOZ,2013,22.39999962
Mozambique,MOZ,2014,25.70000076
Mozambique,MOZ,2015,29.70000076
Mozambique,MOZ,2016,31.5
Mozambique,MOZ,2017,31.39999962
Mozambique,MOZ,2018,31
Mozambique,MOZ,2019,31.20000076
Myanmar,MMR,2001,37.59999847
Myanmar,MMR,2002,34.79999924
Myanmar,MMR,2003,32.40000153
Myanmar,MMR,2004,30.20000076
Myanmar,MMR,2005,27.79999924
Myanmar,MMR,2006,24.79999924
Myanmar,MMR,2007,21.20000076
Myanmar,MMR,2008,18.39999962
Myanmar,MMR,2009,15.10000038
Myanmar,MMR,2010,13.10000038
Myanmar,MMR,2011,11.39999962
Myanmar,MMR,2012,11.19999981
Myanmar,MMR,2013,10.5
Myanmar,MMR,2014,9.699999809
Myanmar,MMR,2015,8.899999619
Myanmar,MMR,2016,8.399999619
Myanmar,MMR,2017,8.100000381
Myanmar,MMR,2018,7.800000191
Myanmar,MMR,2019,7.599999905
Namibia,NAM,2001,13.5
Namibia,NAM,2002,14.5
Namibia,NAM,2003,15.69999981
Namibia,NAM,2004,16.60000038
Namibia,NAM,2005,18.20000076
Namibia,NAM,2006,20.10000038
Namibia,NAM,2007,23.5
Namibia,NAM,2008,27.60000038
Namibia,NAM,2009,31.5
Namibia,NAM,2010,32.70000076
Namibia,NAM,2011,31.5
Namibia,NAM,2012,29.60000038
Namibia,NAM,2013,26.5
Namibia,NAM,2014,23.60000038
Namibia,NAM,2015,21
Namibia,NAM,2016,20.20000076
Namibia,NAM,2017,20
Namibia,NAM,2018,19.89999962
Namibia,NAM,2019,19.79999924
Nepal,NPL,2001,23.5
Nepal,NPL,2002,21.70000076
Nepal,NPL,2003,19.79999924
Nepal,NPL,2004,17.60000038
Nepal,NPL,2005,16.79999924
Nepal,NPL,2006,15.89999962
Nepal,NPL,2007,14.89999962
Nepal,NPL,2008,13
Nepal,NPL,2009,11.60000038
Nepal,NPL,2010,10.5
Nepal,NPL,2011,9.199999809
Nepal,NPL,2012,8.100000381
Nepal,NPL,2013,7
Nepal,NPL,2014,6.400000095
Nepal,NPL,2015,5.300000191
Nepal,NPL,2016,4.5
Nepal,NPL,2017,4.199999809
Nepal,NPL,2018,4.300000191
Nepal,NPL,2019,4.800000191
Netherlands,NLD,2001,2.5
Netherlands,NLD,2002,2.5
Netherlands,NLD,2003,2.5
Netherlands,NLD,2004,2.5
Netherlands,NLD,2005,2.5
Netherlands,NLD,2006,2.5
Netherlands,NLD,2007,2.5
Netherlands,NLD,2008,2.5
Netherlands,NLD,2009,2.5
Netherlands,NLD,2010,2.5
Netherlands,NLD,2011,2.5
Netherlands,NLD,2012,2.5
Netherlands,NLD,2013,2.5
Netherlands,NLD,2014,2.5
Netherlands,NLD,2015,2.5
Netherlands,NLD,2016,2.5
Netherlands,NLD,2017,2.5
Netherlands,NLD,2018,2.5
Netherlands,NLD,2019,2.5
New Caledonia,NCL,2001,8.399999619
New Caledonia,NCL,2002,8.699999809
New Caledonia,NCL,2003,9.100000381
New Caledonia,NCL,2004,9.5
New Caledonia,NCL,2005,9.600000381
New Caledonia,NCL,2006,9.5
New Caledonia,NCL,2007,9.399999619
New Caledonia,NCL,2008,9.100000381
New Caledonia,NCL,2009,8.899999619
New Caledonia,NCL,2010,8.5
New Caledonia,NCL,2011,8.199999809
New Caledonia,NCL,2012,8.100000381
New Caledonia,NCL,2013,7.400000095
New Caledonia,NCL,2014,6.800000191
New Caledonia,NCL,2015,6.199999809
New Caledonia,NCL,2016,6.5
New Caledonia,NCL,2017,6.800000191
New Caledonia,NCL,2018,7
New Caledonia,NCL,2019,6.900000095
New Zealand,NZL,2001,2.5
New Zealand,NZL,2002,2.5
New Zealand,NZL,2003,2.5
New Zealand,NZL,2004,2.5
New Zealand,NZL,2005,2.5
New Zealand,NZL,2006,2.5
New Zealand,NZL,2007,2.5
New Zealand,NZL,2008,2.5
New Zealand,NZL,2009,2.5
New Zealand,NZL,2010,2.5
New Zealand,NZL,2011,2.5
New Zealand,NZL,2012,2.5
New Zealand,NZL,2013,2.5
New Zealand,NZL,2014,2.5
New Zealand,NZL,2015,2.5
New Zealand,NZL,2016,2.5
New Zealand,NZL,2017,2.5
New Zealand,NZL,2018,2.5
New Zealand,NZL,2019,2.5
Nicaragua,NIC,2001,27.5
Nicaragua,NIC,2002,25.20000076
Nicaragua,NIC,2003,25
Nicaragua,NIC,2004,24
Nicaragua,NIC,2005,23.29999924
Nicaragua,NIC,2006,22.20000076
Nicaragua,NIC,2007,21.60000038
Nicaragua,NIC,2008,21.20000076
Nicaragua,NIC,2009,20.89999962
Nicaragua,NIC,2010,20.10000038
Nicaragua,NIC,2011,19.20000076
Nicaragua,NIC,2012,17.79999924
Nicaragua,NIC,2013,18.10000038
Nicaragua,NIC,2014,18.70000076
Nicaragua,NIC,2015,19
Nicaragua,NIC,2016,18
Nicaragua,NIC,2017,17.60000038
Nicaragua,NIC,2018,18.20000076
Nicaragua,NIC,2019,19.29999924
Nigeria,NGA,2001,8.899999619
Nigeria,NGA,2002,8.899999619
Nigeria,NGA,2003,8.600000381
Nigeria,NGA,2004,7.900000095
Nigeria,NGA,2005,7.099999905
Nigeria,NGA,2006,6.699999809
Nigeria,NGA,2007,6.599999905
Nigeria,NGA,2008,6.800000191
Nigeria,NGA,2009,7.300000191
Nigeria,NGA,2010,7.800000191
Nigeria,NGA,2011,8.100000381
Nigeria,NGA,2012,8.800000191
Nigeria,NGA,2013,9
Nigeria,NGA,2014,9.300000191
Nigeria,NGA,2015,9.199999809
Nigeria,NGA,2016,9.399999619
Nigeria,NGA,2017,10
Nigeria,NGA,2018,10.69999981
Nigeria,NGA,2019,14.60000038
North America,,2001,2.5
North America,,2002,2.5
North America,,2003,2.5
North America,,2004,2.5
North America,,2005,2.5
North America,,2006,2.5
North America,,2007,2.5
North America,,2008,2.5
North America,,2009,2.5
North America,,2010,2.5
North America,,2011,2.5
North America,,2012,2.5
North America,,2013,2.5
North America,,2014,2.5
North America,,2015,2.5
North America,,2016,2.5
North America,,2017,2.5
North America,,2018,2.5
North America,,2019,2.5
North Korea,PRK,2001,35.70000076
North Korea,PRK,2002,34.79999924
North Korea,PRK,2003,32.29999924
North Korea,PRK,2004,32.59999847
North Korea,PRK,2005,33.79999924
North Korea,PRK,2006,36.09999847
North Korea,PRK,2007,38.20000076
North Korea,PRK,2008,39.70000076
North Korea,PRK,2009,41.40000153
North Korea,PRK,2010,42.59999847
North Korea,PRK,2011,43
North Korea,PRK,2012,42.70000076
North Korea,PRK,2013,41.09999847
North Korea,PRK,2014,40.59999847
North Korea,PRK,2015,40.29999924
North Korea,PRK,2016,41.20000076
North Korea,PRK,2017,42.90000153
North Korea,PRK,2018,42.59999847
North Korea,PRK,2019,42.40000153
North Macedonia,MKD,2001,7.5
North Macedonia,MKD,2002,7.5
North Macedonia,MKD,2003,5.800000191
North Macedonia,MKD,2004,5.5
North Macedonia,MKD,2005,5
North Macedonia,MKD,2006,4.400000095
North Macedonia,MKD,2007,3.599999905
North Macedonia,MKD,2008,2.900000095
North Macedonia,MKD,2009,3.099999905
North Macedonia,MKD,2010,3.400000095
North Macedonia,MKD,2011,3.599999905
North Macedonia,MKD,2012,3.700000048
North Macedonia,MKD,2013,3.599999905
North Macedonia,MKD,2014,3.5
North Macedonia,MKD,2015,3.299999952
North Macedonia,MKD,2016,3
North Macedonia,MKD,2017,2.700000048
North Macedonia,MKD,2018,2.5
North Macedonia,MKD,2019,2.700000048
Norway,NOR,2001,2.5
Norway,NOR,2002,2.5
Norway,NOR,2003,2.5
Norway,NOR,2004,2.5
Norway,NOR,2005,2.5
Norway,NOR,2006,2.5
Norway,NOR,2007,2.5
Norway,NOR,2008,2.5
Norway,NOR,2009,2.5
Norway,NOR,2010,2.5
Norway,NOR,2011,2.5
Norway,NOR,2012,2.5
Norway,NOR,2013,2.5
Norway,NOR,2014,2.5
Norway,NOR,2015,2.5
Norway,NOR,2016,2.5
Norway,NOR,2017,2.5
Norway,NOR,2018,2.5
Norway,NOR,2019,2.5
Oman,OMN,2001,12.30000019
Oman,OMN,2002,11.30000019
Oman,OMN,2003,11
Oman,OMN,2004,10.10000038
Oman,OMN,2005,9.600000381
Oman,OMN,2006,9.600000381
Oman,OMN,2007,9.699999809
Oman,OMN,2008,9.699999809
Oman,OMN,2009,9.399999619
Oman,OMN,2010,9.100000381
Oman,OMN,2011,8.399999619
Oman,OMN,2012,7.300000191
Oman,OMN,2013,6.800000191
Oman,OMN,2014,7
Oman,OMN,2015,8.100000381
Oman,OMN,2016,8.399999619
Oman,OMN,2017,8.399999619
Oman,OMN,2018,8.100000381
Oman,OMN,2019,8.199999809
Pakistan,PAK,2001,21.10000038
Pakistan,PAK,2002,21.79999924
Pakistan,PAK,2003,21
Pakistan,PAK,2004,19
Pakistan,PAK,2005,17.60000038
Pakistan,PAK,2006,16.39999962
Pakistan,PAK,2007,15.80000019
Pakistan,PAK,2008,15.80000019
Pakistan,PAK,2009,15.89999962
Pakistan,PAK,2010,15.89999962
Pakistan,PAK,2011,15.89999962
Pakistan,PAK,2012,15.89999962
Pakistan,PAK,2013,15.10000038
Pakistan,PAK,2014,13.89999962
Pakistan,PAK,2015,12.80000019
Pakistan,PAK,2016,12.39999962
Pakistan,PAK,2017,12.10000038
Pakistan,PAK,2018,12.19999981
Pakistan,PAK,2019,12.89999962
Panama,PAN,2001,24.5
Panama,PAN,2002,20.5
Panama,PAN,2003,21
Panama,PAN,2004,21.29999924
Panama,PAN,2005,21.60000038
Panama,PAN,2006,18.5
Panama,PAN,2007,16.20000076
Panama,PAN,2008,14.10000038
Panama,PAN,2009,12.89999962
Panama,PAN,2010,11.80000019
Panama,PAN,2011,10.19999981
Panama,PAN,2012,9.100000381
Panama,PAN,2013,8.5
Panama,PAN,2014,8.300000191
Panama,PAN,2015,8.100000381
Panama,PAN,2016,7.800000191
Panama,PAN,2017,7.5
Panama,PAN,2018,7.400000095
Panama,PAN,2019,7.5
Papua New Guinea,PNG,2001,26.29999924
Papua New Guinea,PNG,2002,27
Papua New Guinea,PNG,2003,27.70000076
Papua New Guinea,PNG,2004,28.60000038
Papua New Guinea,PNG,2005,27.39999962
Papua New Guinea,PNG,2006,27.29999924
Papua New Guinea,PNG,2007,26.60000038
Papua New Guinea,PNG,2008,27
Papua New Guinea,PNG,2009,24.70000076
Papua New Guinea,PNG,2010,22.70000076
Papua New Guinea,PNG,2011,21.10000038
Papua New Guinea,PNG,2012,21.29999924
Papua New Guinea,PNG,2013,22.79999924
Papua New Guinea,PNG,2014,23.79999924
Papua New Guinea,PNG,2015,25
Papua New Guinea,PNG,2016,25.20000076
Papua New Guinea,PNG,2017,25.10000038
Papua New Guinea,PNG,2018,24.89999962
Papua New Guinea,PNG,2019,24.60000038
Paraguay,PRY,2001,10.5
Paraguay,PRY,2002,9.300000191
Paraguay,PRY,2003,8.800000191
Paraguay,PRY,2004,9.100000381
Paraguay,PRY,2005,9.5
Paraguay,PRY,2006,9.699999809
Paraguay,PRY,2007,9.399999619
Paraguay,PRY,2008,9.600000381
Paraguay,PRY,2009,9.199999809
Paraguay,PRY,2010,8.399999619
Paraguay,PRY,2011,7.800000191
Paraguay,PRY,2012,7.699999809
Paraguay,PRY,2013,7.699999809
Paraguay,PRY,2014,7.400000095
Paraguay,PRY,2015,7.400000095
Paraguay,PRY,2016,7.699999809
Paraguay,PRY,2017,7.800000191
Paraguay,PRY,2018,7.900000095
Paraguay,PRY,2019,9.199999809
Peru,PER,2001,21.5
Peru,PER,2002,22.89999962
Peru,PER,2003,23.10000038
Peru,PER,2004,21.70000076
Peru,PER,2005,18.79999924
Peru,PER,2006,15.69999981
Peru,PER,2007,13.69999981
Peru,PER,2008,11.60000038
Peru,PER,2009,9.800000191
Peru,PER,2010,8.800000191
Peru,PER,2011,7.699999809
Peru,PER,2012,6.699999809
Peru,PER,2013,5.599999905
Peru,PER,2014,5.400000095
Peru,PER,2015,5.900000095
Peru,PER,2016,6.900000095
Peru,PER,2017,7.599999905
Peru,PER,2018,7.900000095
Peru,PER,2019,8.699999809
Philippines,PHL,2001,18.70000076
Philippines,PHL,2002,18.39999962
Philippines,PHL,2003,17.10000038
Philippines,PHL,2004,16.20000076
Philippines,PHL,2005,14.89999962
Philippines,PHL,2006,14
Philippines,PHL,2007,13.10000038
Philippines,PHL,2008,12.60000038
Philippines,PHL,2009,12.80000019
Philippines,PHL,2010,13.39999962
Philippines,PHL,2011,13.69999981
Philippines,PHL,2012,13.69999981
Philippines,PHL,2013,13.80000019
Philippines,PHL,2014,13.80000019
Philippines,PHL,2015,13.30000019
Philippines,PHL,2016,12.10000038
Philippines,PHL,2017,10.89999962
Philippines,PHL,2018,9.699999809
Philippines,PHL,2019,9.399999619
Poland,POL,2001,2.5
Poland,POL,2002,2.5
Poland,POL,2003,2.5
Poland,POL,2004,2.5
Poland,POL,2005,2.5
Poland,POL,2006,2.5
Poland,POL,2007,2.5
Poland,POL,2008,2.5
Poland,POL,2009,2.5
Poland,POL,2010,2.5
Poland,POL,2011,2.5
Poland,POL,2012,2.5
Poland,POL,2013,2.5
Poland,POL,2014,2.5
Poland,POL,2015,2.5
Poland,POL,2016,2.5
Poland,POL,2017,2.5
Poland,POL,2018,2.5
Poland,POL,2019,2.5
Portugal,PRT,2001,2.5
Portugal,PRT,2002,2.5
Portugal,PRT,2003,2.5
Portugal,PRT,2004,2.5
Portugal,PRT,2005,2.5
Portugal,PRT,2006,2.5
Portugal,PRT,2007,2.5
Portugal,PRT,2008,2.5
Portugal,PRT,2009,2.5
Portugal,PRT,2010,2.5
Portugal,PRT,2011,2.5
Portugal,PRT,2012,2.5
Portugal,PRT,2013,2.5
Portugal,PRT,2014,2.5
Portugal,PRT,2015,2.5
Portugal,PRT,2016,2.5
Portugal,PRT,2017,2.5
Portugal,PRT,2018,2.5
Portugal,PRT,2019,2.5
Romania,ROU,2001,2.5
Romania,ROU,2002,2.5
Romania,ROU,2003,2.5
Romania,ROU,2004,2.5
Romania,ROU,2005,2.5
Romania,ROU,2006,2.5
Romania,ROU,2007,2.5
Romania,ROU,2008,2.5
Romania,ROU,2009,2.5
Romania,ROU,2010,2.5
Romania,ROU,2011,2.5
Romania,ROU,2012,2.5
Romania,ROU,2013,2.5
Romania,ROU,2014,2.5
Romania,ROU,2015,2.5
Romania,ROU,2016,2.5
Romania,ROU,2017,2.5
Romania,ROU,2018,2.5
Romania,ROU,2019,2.5
Russia,RUS,2001,4
Russia,RUS,2002,3.299999952
Russia,RUS,2003,2.799999952
Russia,RUS,2004,2.5
Russia,RUS,2005,2.5
Russia,RUS,2006,2.5
Russia,RUS,2007,2.5
Russia,RUS,2008,2.5
Russia,RUS,2009,2.5
Russia,RUS,2010,2.5
Russia,RUS,2011,2.5
Russia,RUS,2012,2.5
Russia,RUS,2013,2.5
Russia,RUS,2014,2.5
Russia,RUS,2015,2.5
Russia,RUS,2016,2.5
Russia,RUS,2017,2.5
Russia,RUS,2018,2.5
Russia,RUS,2019,2.5
Rwanda,RWA,2001,38.5
Rwanda,RWA,2002,35.20000076
Rwanda,RWA,2003,34.59999847
Rwanda,RWA,2004,35.90000153
Rwanda,RWA,2005,35.29999924
Rwanda,RWA,2006,33.70000076
Rwanda,RWA,2007,32.29999924
Rwanda,RWA,2008,29.5
Rwanda,RWA,2009,29.79999924
Rwanda,RWA,2010,31.29999924
Rwanda,RWA,2011,34.09999847
Rwanda,RWA,2012,34.29999924
Rwanda,RWA,2013,34.70000076
Rwanda,RWA,2014,35.09999847
Rwanda,RWA,2015,35.29999924
Rwanda,RWA,2016,34.79999924
Rwanda,RWA,2017,34.5
Rwanda,RWA,2018,34.29999924
Rwanda,RWA,2019,35.20000076
Saint Vincent and the Grenadines,VCT,2001,13.39999962
Saint Vincent and the Grenadines,VCT,2002,11.89999962
Saint Vincent and the Grenadines,VCT,2003,9.5
Saint Vincent and the Grenadines,VCT,2004,8.699999809
Saint Vincent and the Grenadines,VCT,2005,7.900000095
Saint Vincent and the Grenadines,VCT,2006,7.199999809
Saint Vincent and the Grenadines,VCT,2007,6.800000191
Saint Vincent and the Grenadines,VCT,2008,6.400000095
Saint Vincent and the Grenadines,VCT,2009,6
Saint Vincent and the Grenadines,VCT,2010,5.699999809
Saint Vincent and the Grenadines,VCT,2011,5.5
Saint Vincent and the Grenadines,VCT,2012,5.199999809
Saint Vincent and the Grenadines,VCT,2013,5.400000095
Saint Vincent and the Grenadines,VCT,2014,5.5
Saint Vincent and the Grenadines,VCT,2015,5.699999809
Saint Vincent and the Grenadines,VCT,2016,5.599999905
Saint Vincent and the Grenadines,VCT,2017,5.5
Saint Vincent and the Grenadines,VCT,2018,5.5
Saint Vincent and the Grenadines,VCT,2019,5.599999905
Samoa,WSM,2001,3.5
Samoa,WSM,2002,3.5
Samoa,WSM,2003,3.400000095
Samoa,WSM,2004,3.299999952
Samoa,WSM,2005,3.400000095
Samoa,WSM,2006,3.799999952
Samoa,WSM,2007,3.900000095
Samoa,WSM,2008,4
Samoa,WSM,2009,3.900000095
Samoa,WSM,2010,4.199999809
Samoa,WSM,2011,4.099999905
Samoa,WSM,2012,4
Samoa,WSM,2013,3.799999952
Samoa,WSM,2014,4.199999809
Samoa,WSM,2015,4.5
Samoa,WSM,2016,4.699999809
Samoa,WSM,2017,4.699999809
Samoa,WSM,2018,4.599999905
Samoa,WSM,2019,4.599999905
Sao Tome and Principe,STP,2001,14.69999981
Sao Tome and Principe,STP,2002,12.80000019
Sao Tome and Principe,STP,2003,11.19999981
Sao Tome and Principe,STP,2004,9.800000191
Sao Tome and Principe,STP,2005,9
Sao Tome and Principe,STP,2006,9
Sao Tome and Principe,STP,2007,9.800000191
Sao Tome and Principe,STP,2008,11.10000038
Sao Tome and Principe,STP,2009,12.60000038
Sao Tome and Principe,STP,2010,14.10000038
Sao Tome and Principe,STP,2011,14.89999962
Sao Tome and Principe,STP,2012,13.89999962
Sao Tome and Principe,STP,2013,13.10000038
Sao Tome and Principe,STP,2014,12.69999981
Sao Tome and Principe,STP,2015,12.80000019
Sao Tome and Principe,STP,2016,12.60000038
Sao Tome and Principe,STP,2017,11.80000019
Sao Tome and Principe,STP,2018,11.80000019
Sao Tome and Principe,STP,2019,11.89999962
Saudi Arabia,SAU,2001,4.900000095
Saudi Arabia,SAU,2002,5
Saudi Arabia,SAU,2003,5.099999905
Saudi Arabia,SAU,2004,5
Saudi Arabia,SAU,2005,4.800000191
Saudi Arabia,SAU,2006,4.5
Saudi Arabia,SAU,2007,4.800000191
Saudi Arabia,SAU,2008,5.5
Saudi Arabia,SAU,2009,5.699999809
Saudi Arabia,SAU,2010,5.900000095
Saudi Arabia,SAU,2011,5.400000095
Saudi Arabia,SAU,2012,5.400000095
Saudi Arabia,SAU,2013,4.599999905
Saudi Arabia,SAU,2014,4.300000191
Saudi Arabia,SAU,2015,3.700000048
Saudi Arabia,SAU,2016,3.700000048
Saudi Arabia,SAU,2017,3.700000048
Saudi Arabia,SAU,2018,3.799999952
Saudi Arabia,SAU,2019,3.900000095
Senegal,SEN,2001,24
Senegal,SEN,2002,22.70000076
Senegal,SEN,2003,21
Senegal,SEN,2004,19
Senegal,SEN,2005,17.20000076
Senegal,SEN,2006,15.5
Senegal,SEN,2007,12.69999981
Senegal,SEN,2008,10.89999962
Senegal,SEN,2009,10.30000019
Senegal,SEN,2010,11.10000038
Senegal,SEN,2011,11.39999962
Senegal,SEN,2012,12
Senegal,SEN,2013,11.5
Senegal,SEN,2014,11.19999981
Senegal,SEN,2015,9.800000191
Senegal,SEN,2016,8.899999619
Senegal,SEN,2017,7.900000095
Senegal,SEN,2018,7.400000095
Senegal,SEN,2019,7.5
Serbia,SRB,2001,3.099999905
Serbia,SRB,2002,3
Serbia,SRB,2003,2.700000048
Serbia,SRB,2004,2.5
Serbia,SRB,2005,2.5
Serbia,SRB,2006,2.5
Serbia,SRB,2007,2.5
Serbia,SRB,2008,2.5
Serbia,SRB,2009,2.5
Serbia,SRB,2010,2.5
Serbia,SRB,2011,2.599999905
Serbia,SRB,2012,2.700000048
Serbia,SRB,2013,3.200000048
Serbia,SRB,2014,3.700000048
Serbia,SRB,2015,4.099999905
Serbia,SRB,2016,4.199999809
Serbia,SRB,2017,4
Serbia,SRB,2018,3.799999952
Serbia,SRB,2019,3.900000095
Sierra Leone,SLE,2001,50.70000076
Sierra Leone,SLE,2002,49.79999924
Sierra Leone,SLE,2003,49.40000153
Sierra Leone,SLE,2004,48.79999924
Sierra Leone,SLE,2005,46.70000076
Sierra Leone,SLE,2006,43.70000076
Sierra Leone,SLE,2007,41.70000076
Sierra Leone,SLE,2008,40.29999924
Sierra Leone,SLE,2009,34.5
Sierra Leone,SLE,2010,28.79999924
Sierra Leone,SLE,2011,24
Sierra Leone,SLE,2012,24.29999924
Sierra Leone,SLE,2013,25.29999924
Sierra Leone,SLE,2014,25
Sierra Leone,SLE,2015,25.79999924
Sierra Leone,SLE,2016,25.39999962
Sierra Leone,SLE,2017,26.20000076
Sierra Leone,SLE,2018,25.70000076
Sierra Leone,SLE,2019,26.20000076
Slovakia,SVK,2001,6.099999905
Slovakia,SVK,2002,6.199999809
Slovakia,SVK,2003,6
Slovakia,SVK,2004,5.800000191
Slovakia,SVK,2005,5.5
Slovakia,SVK,2006,5.599999905
Slovakia,SVK,2007,5.400000095
Slovakia,SVK,2008,4.900000095
Slovakia,SVK,2009,4
Slovakia,SVK,2010,3.5
Slovakia,SVK,2011,3.400000095
Slovakia,SVK,2012,3.400000095
Slovakia,SVK,2013,4
Slovakia,SVK,2014,5.300000191
Slovakia,SVK,2015,5.900000095
Slovakia,SVK,2016,5.599999905
Slovakia,SVK,2017,4.5
Slovakia,SVK,2018,4.099999905
Slovakia,SVK,2019,4
Slovenia,SVN,2001,2.5
Slovenia,SVN,2002,2.5
Slovenia,SVN,2003,2.5
Slovenia,SVN,2004,2.5
Slovenia,SVN,2005,2.5
Slovenia,SVN,2006,2.5
Slovenia,SVN,2007,2.5
Slovenia,SVN,2008,2.5
Slovenia,SVN,2009,2.5
Slovenia,SVN,2010,2.5
Slovenia,SVN,2011,2.5
Slovenia,SVN,2012,2.5
Slovenia,SVN,2013,2.5
Slovenia,SVN,2014,2.5
Slovenia,SVN,2015,2.5
Slovenia,SVN,2016,2.5
Slovenia,SVN,2017,2.5
Slovenia,SVN,2018,2.5
Slovenia,SVN,2019,2.5
Solomon Islands,SLB,2001,13.30000019
Solomon Islands,SLB,2002,13.10000038
Solomon Islands,SLB,2003,12.60000038
Solomon Islands,SLB,2004,12.69999981
Solomon Islands,SLB,2005,12.5
Solomon Islands,SLB,2006,12.80000019
Solomon Islands,SLB,2007,12.60000038
Solomon Islands,SLB,2008,13.19999981
Solomon Islands,SLB,2009,13
Solomon Islands,SLB,2010,13.5
Solomon Islands,SLB,2011,14.89999962
Solomon Islands,SLB,2012,17.10000038
Solomon Islands,SLB,2013,18.79999924
Solomon Islands,SLB,2014,19.10000038
Solomon Islands,SLB,2015,18.39999962
Solomon Islands,SLB,2016,18
Solomon Islands,SLB,2017,17.60000038
Solomon Islands,SLB,2018,17
Solomon Islands,SLB,2019,16.5
Somalia,SOM,2001,57.90000153
Somalia,SOM,2002,57.90000153
Somalia,SOM,2003,58
Somalia,SOM,2004,58.09999847
Somalia,SOM,2005,58.20000076
Somalia,SOM,2006,58.20000076
Somalia,SOM,2007,58.20000076
Somalia,SOM,2008,58.20000076
Somalia,SOM,2009,67.09999847
Somalia,SOM,2010,75.59999847
Somalia,SOM,2011,81.69999695
Somalia,SOM,2012,79.69999695
Somalia,SOM,2013,71.30000305
Somalia,SOM,2014,65.69999695
Somalia,SOM,2015,60.29999924
Somalia,SOM,2016,57.79999924
Somalia,SOM,2017,58.70000076
Somalia,SOM,2018,57.40000153
Somalia,SOM,2019,59.5
South Africa,ZAF,2001,3.900000095
South Africa,ZAF,2002,3.700000048
South Africa,ZAF,2003,3.599999905
South Africa,ZAF,2004,3.400000095
South Africa,ZAF,2005,3.400000095
South Africa,ZAF,2006,3.5
South Africa,ZAF,2007,3.599999905
South Africa,ZAF,2008,3.599999905
South Africa,ZAF,2009,3.599999905
South Africa,ZAF,2010,3.599999905
South Africa,ZAF,2011,3.700000048
South Africa,ZAF,2012,4
South Africa,ZAF,2013,4.300000191
South Africa,ZAF,2014,4.800000191
South Africa,ZAF,2015,5.199999809
South Africa,ZAF,2016,5.400000095
South Africa,ZAF,2017,5.5
South Africa,ZAF,2018,5.5
South Africa,ZAF,2019,6.5
South Asia,,2001,18.96497536
South Asia,,2002,20.19383621
South Asia,,2003,21.05000877
South Asia,,2004,21.17040634
South Asia,,2005,20.57454872
South Asia,,2006,18.83192253
South Asia,,2007,17.09963989
South Asia,,2008,16.29471588
South Asia,,2009,16.11502838
South Asia,,2010,15.90531063
South Asia,,2011,15.6452055
South Asia,,2012,15.22177219
South Asia,,2013,15.11287212
South Asia,,2014,14.68968201
South Asia,,2015,14.31453514
South Asia,,2016,13.82846355
South Asia,,2017,13.43062401
South Asia,,2018,13.45130348
South Asia,,2019,14.46777534
South Korea,KOR,2001,2.5
South Korea,KOR,2002,2.599999905
South Korea,KOR,2003,2.599999905
South Korea,KOR,2004,2.599999905
South Korea,KOR,2005,2.5
South Korea,KOR,2006,2.5
South Korea,KOR,2007,2.5
South Korea,KOR,2008,2.5
South Korea,KOR,2009,2.5
South Korea,KOR,2010,2.5
South Korea,KOR,2011,2.5
South Korea,KOR,2012,2.5
South Korea,KOR,2013,2.5
South Korea,KOR,2014,2.5
South Korea,KOR,2015,2.5
South Korea,KOR,2016,2.5
South Korea,KOR,2017,2.5
South Korea,KOR,2018,2.5
South Korea,KOR,2019,2.5
Spain,ESP,2001,2.5
Spain,ESP,2002,2.5
Spain,ESP,2003,2.5
Spain,ESP,2004,2.5
Spain,ESP,2005,2.5
Spain,ESP,2006,2.5
Spain,ESP,2007,2.5
Spain,ESP,2008,2.5
Spain,ESP,2009,2.5
Spain,ESP,2010,2.5
Spain,ESP,2011,2.5
Spain,ESP,2012,2.5
Spain,ESP,2013,2.5
Spain,ESP,2014,2.5
Spain,ESP,2015,2.5
Spain,ESP,2016,2.5
Spain,ESP,2017,2.5
Spain,ESP,2018,2.5
Spain,ESP,2019,2.5
Sri Lanka,LKA,2001,16.89999962
Sri Lanka,LKA,2002,16.29999924
Sri Lanka,LKA,2003,16.10000038
Sri Lanka,LKA,2004,15.60000038
Sri Lanka,LKA,2005,14.69999981
Sri Lanka,LKA,2006,14.10000038
Sri Lanka,LKA,2007,12.80000019
Sri Lanka,LKA,2008,11.89999962
Sri Lanka,LKA,2009,11.39999962
Sri Lanka,LKA,2010,11.30000019
Sri Lanka,LKA,2011,10.89999962
Sri Lanka,LKA,2012,10.30000019
Sri Lanka,LKA,2013,9.199999809
Sri Lanka,LKA,2014,8.100000381
Sri Lanka,LKA,2015,6.800000191
Sri Lanka,LKA,2016,6.300000191
Sri Lanka,LKA,2017,5.900000095
Sri Lanka,LKA,2018,6
Sri Lanka,LKA,2019,6.800000191
Sub-Saharan Africa,,2001,26.26425552
Sub-Saharan Africa,,2002,25.70783424
Sub-Saharan Africa,,2003,25.25398445
Sub-Saharan Africa,,2004,24.29568481
Sub-Saharan Africa,,2005,23.25356483
Sub-Saharan Africa,,2006,22.39469337
Sub-Saharan Africa,,2007,21.96045494
Sub-Saharan Africa,,2008,21.52995491
Sub-Saharan Africa,,2009,20.58610916
Sub-Saharan Africa,,2010,20.01689529
Sub-Saharan Africa,,2011,19.48449707
Sub-Saharan Africa,,2012,19.6247921
Sub-Saharan Africa,,2013,18.90294647
Sub-Saharan Africa,,2014,18.43922615
Sub-Saharan Africa,,2015,18.11434746
Sub-Saharan Africa,,2016,18.21801186
Sub-Saharan Africa,,2017,18.52011681
Sub-Saharan Africa,,2018,18.76015472
Sub-Saharan Africa,,2019,20.3410759
Sudan,SDN,2001,21.5
Sudan,SDN,2002,20.29999924
Sudan,SDN,2003,20
Sudan,SDN,2004,19.70000076
Sudan,SDN,2005,18.89999962
Sudan,SDN,2006,17.60000038
Sudan,SDN,2007,16.70000076
Sudan,SDN,2008,16.29999924
Sudan,SDN,2009,16.5
Sudan,SDN,2010,16.5
Sudan,SDN,2011,15.39999962
Sudan,SDN,2012,13.39999962
Sudan,SDN,2013,11.60000038
Sudan,SDN,2014,11
Sudan,SDN,2015,11.19999981
Sudan,SDN,2016,11.80000019
Sudan,SDN,2017,11.80000019
Sudan,SDN,2018,12
Sudan,SDN,2019,12.30000019
Suriname,SUR,2001,11.80000019
Suriname,SUR,2002,11.5
Suriname,SUR,2003,10.89999962
Suriname,SUR,2004,10.30000019
Suriname,SUR,2005,9.699999809
Suriname,SUR,2006,8.800000191
Suriname,SUR,2007,8.800000191
Suriname,SUR,2008,8.300000191
Suriname,SUR,2009,7.599999905
Suriname,SUR,2010,7.300000191
Suriname,SUR,2011,7.599999905
Suriname,SUR,2012,8.199999809
Suriname,SUR,2013,7.699999809
Suriname,SUR,2014,7.599999905
Suriname,SUR,2015,7.699999809
Suriname,SUR,2016,8.199999809
Suriname,SUR,2017,8.399999619
Suriname,SUR,2018,8.5
Suriname,SUR,2019,8.699999809
Sweden,SWE,2001,2.5
Sweden,SWE,2002,2.5
Sweden,SWE,2003,2.5
Sweden,SWE,2004,2.5
Sweden,SWE,2005,2.5
Sweden,SWE,2006,2.5
Sweden,SWE,2007,2.5
Sweden,SWE,2008,2.5
Sweden,SWE,2009,2.5
Sweden,SWE,2010,2.5
Sweden,SWE,2011,2.5
Sweden,SWE,2012,2.5
Sweden,SWE,2013,2.5
Sweden,SWE,2014,2.5
Sweden,SWE,2015,2.5
Sweden,SWE,2016,2.5
Sweden,SWE,2017,2.5
Sweden,SWE,2018,2.5
Sweden,SWE,2019,2.5
Switzerland,CHE,2001,2.5
Switzerland,CHE,2002,2.5
Switzerland,CHE,2003,2.5
Switzerland,CHE,2004,2.5
Switzerland,CHE,2005,2.5
Switzerland,CHE,2006,2.5
Switzerland,CHE,2007,2.5
Switzerland,CHE,2008,2.5
Switzerland,CHE,2009,2.5
Switzerland,CHE,2010,2.5
Switzerland,CHE,2011,2.5
Switzerland,CHE,2012,2.5
Switzerland,CHE,2013,2.5
Switzerland,CHE,2014,2.5
Switzerland,CHE,2015,2.5
Switzerland,CHE,2016,2.5
Switzerland,CHE,2017,2.5
Switzerland,CHE,2018,2.5
Switzerland,CHE,2019,2.5
Tanzania,TZA,2001,33
Tanzania,TZA,2002,34.09999847
Tanzania,TZA,2003,33.59999847
Tanzania,TZA,2004,33.70000076
Tanzania,TZA,2005,31.60000038
Tanzania,TZA,2006,30.20000076
Tanzania,TZA,2007,30.5
Tanzania,TZA,2008,30.70000076
Tanzania,TZA,2009,30.89999962
Tanzania,TZA,2010,29.5
Tanzania,TZA,2011,28
Tanzania,TZA,2012,27.20000076
Tanzania,TZA,2013,26.20000076
Tanzania,TZA,2014,25.29999924
Tanzania,TZA,2015,24.39999962
Tanzania,TZA,2016,24.10000038
Tanzania,TZA,2017,24.10000038
Tanzania,TZA,2018,24.20000076
Tanzania,TZA,2019,25.10000038
Thailand,THA,2001,17.29999924
Thailand,THA,2002,16.39999962
Thailand,THA,2003,15
Thailand,THA,2004,13.69999981
Thailand,THA,2005,11.89999962
Thailand,THA,2006,10.60000038
Thailand,THA,2007,10.19999981
Thailand,THA,2008,10.60000038
Thailand,THA,2009,10.39999962
Thailand,THA,2010,10
Thailand,THA,2011,9.199999809
Thailand,THA,2012,8.800000191
Thailand,THA,2013,8.199999809
Thailand,THA,2014,7.699999809
Thailand,THA,2015,7.300000191
Thailand,THA,2016,7.5
Thailand,THA,2017,7.699999809
Thailand,THA,2018,7.900000095
Thailand,THA,2019,8.199999809
Timor,TLS,2001,41.5
Timor,TLS,2002,36.5
Timor,TLS,2003,33.09999847
Timor,TLS,2004,32.5
Timor,TLS,2005,32.20000076
Timor,TLS,2006,31.89999962
Timor,TLS,2007,31.70000076
Timor,TLS,2008,32.40000153
Timor,TLS,2009,32.5
Timor,TLS,2010,32.5
Timor,TLS,2011,31.10000038
Timor,TLS,2012,31
Timor,TLS,2013,28.70000076
Timor,TLS,2014,26.79999924
Timor,TLS,2015,24.5
Timor,TLS,2016,24.10000038
Timor,TLS,2017,24
Timor,TLS,2018,23.29999924
Timor,TLS,2019,22.60000038
Togo,TGO,2001,31.29999924
Togo,TGO,2002,31.10000038
Togo,TGO,2003,29.79999924
Togo,TGO,2004,28.70000076
Togo,TGO,2005,27.70000076
Togo,TGO,2006,27.20000076
Togo,TGO,2007,26.20000076
Togo,TGO,2008,25.60000038
Togo,TGO,2009,23.29999924
Togo,TGO,2010,21.20000076
Togo,TGO,2011,19.70000076
Togo,TGO,2012,19.5
Togo,TGO,2013,19.60000038
Togo,TGO,2014,20.39999962
Togo,TGO,2015,20.89999962
Togo,TGO,2016,21.60000038
Togo,TGO,2017,21.20000076
Togo,TGO,2018,20.89999962
Togo,TGO,2019,20.39999962
Trinidad and Tobago,TTO,2001,10
Trinidad and Tobago,TTO,2002,10.5
Trinidad and Tobago,TTO,2003,11.10000038
Trinidad and Tobago,TTO,2004,11.5
Trinidad and Tobago,TTO,2005,11.10000038
Trinidad and Tobago,TTO,2006,10.5
Trinidad and Tobago,TTO,2007,9.899999619
Trinidad and Tobago,TTO,2008,9.600000381
Trinidad and Tobago,TTO,2009,9.600000381
Trinidad and Tobago,TTO,2010,9.199999809
Trinidad and Tobago,TTO,2011,8.300000191
Trinidad and Tobago,TTO,2012,7.199999809
Trinidad and Tobago,TTO,2013,6.599999905
Trinidad and Tobago,TTO,2014,6.5
Trinidad and Tobago,TTO,2015,6.800000191
Trinidad and Tobago,TTO,2016,6.800000191
Trinidad and Tobago,TTO,2017,6.800000191
Trinidad and Tobago,TTO,2018,6.699999809
Trinidad and Tobago,TTO,2019,6.699999809
Tunisia,TUN,2001,4.400000095
Tunisia,TUN,2002,4.400000095
Tunisia,TUN,2003,4.5
Tunisia,TUN,2004,4.400000095
Tunisia,TUN,2005,4.300000191
Tunisia,TUN,2006,4.300000191
Tunisia,TUN,2007,4
Tunisia,TUN,2008,3.799999952
Tunisia,TUN,2009,3.599999905
Tunisia,TUN,2010,3.400000095
Tunisia,TUN,2011,3.299999952
Tunisia,TUN,2012,3.099999905
Tunisia,TUN,2013,2.900000095
Tunisia,TUN,2014,2.700000048
Tunisia,TUN,2015,2.5
Tunisia,TUN,2016,2.5
Tunisia,TUN,2017,2.5
Tunisia,TUN,2018,2.5
Tunisia,TUN,2019,3
Turkey,TUR,2001,2.5
Turkey,TUR,2002,2.5
Turkey,TUR,2003,2.5
Turkey,TUR,2004,2.5
Turkey,TUR,2005,2.5
Turkey,TUR,2006,2.5
Turkey,TUR,2007,2.5
Turkey,TUR,2008,2.5
Turkey,TUR,2009,2.5
Turkey,TUR,2010,2.5
Turkey,TUR,2011,2.5
Turkey,TUR,2012,2.5
Turkey,TUR,2013,2.5
Turkey,TUR,2014,2.5
Turkey,TUR,2015,2.5
Turkey,TUR,2016,2.5
Turkey,TUR,2017,2.5
Turkey,TUR,2018,2.5
Turkey,TUR,2019,2.5
Turkmenistan,TKM,2001,6.800000191
Turkmenistan,TKM,2002,6.199999809
Turkmenistan,TKM,2003,5.199999809
Turkmenistan,TKM,2004,4.5
Turkmenistan,TKM,2005,4.199999809
Turkmenistan,TKM,2006,4
Turkmenistan,TKM,2007,3.900000095
Turkmenistan,TKM,2008,4
Turkmenistan,TKM,2009,4.300000191
Turkmenistan,TKM,2010,4.5
Turkmenistan,TKM,2011,4.800000191
Turkmenistan,TKM,2012,5
Turkmenistan,TKM,2013,4.5
Turkmenistan,TKM,2014,3.900000095
Turkmenistan,TKM,2015,3.400000095
Turkmenistan,TKM,2016,3.400000095
Turkmenistan,TKM,2017,3.700000048
Turkmenistan,TKM,2018,3.900000095
Turkmenistan,TKM,2019,4.099999905
Ukraine,UKR,2001,3
Ukraine,UKR,2002,2.5
Ukraine,UKR,2003,2.5
Ukraine,UKR,2004,2.5
Ukraine,UKR,2005,2.5
Ukraine,UKR,2006,2.5
Ukraine,UKR,2007,2.5
Ukraine,UKR,2008,2.5
Ukraine,UKR,2009,2.5
Ukraine,UKR,2010,2.5
Ukraine,UKR,2011,2.5
Ukraine,UKR,2012,2.5
Ukraine,UKR,2013,2.5
Ukraine,UKR,2014,2.5
Ukraine,UKR,2015,2.5
Ukraine,UKR,2016,2.5
Ukraine,UKR,2017,2.5
Ukraine,UKR,2018,2.5
Ukraine,UKR,2019,2.5
United Arab Emirates,ARE,2001,3.299999952
United Arab Emirates,ARE,2002,4.400000095
United Arab Emirates,ARE,2003,5.900000095
United Arab Emirates,ARE,2004,7.699999809
United Arab Emirates,ARE,2005,8.800000191
United Arab Emirates,ARE,2006,9.199999809
United Arab Emirates,ARE,2007,9
United Arab Emirates,ARE,2008,8.199999809
United Arab Emirates,ARE,2009,7.400000095
United Arab Emirates,ARE,2010,6.300000191
United Arab Emirates,ARE,2011,5.5
United Arab Emirates,ARE,2012,4.400000095
United Arab Emirates,ARE,2013,3.599999905
United Arab Emirates,ARE,2014,2.900000095
United Arab Emirates,ARE,2015,2.700000048
United Arab Emirates,ARE,2016,2.900000095
United Arab Emirates,ARE,2017,3.200000048
United Arab Emirates,ARE,2018,3.400000095
United Arab Emirates,ARE,2019,3.700000048
United Kingdom,GBR,2001,2.5
United Kingdom,GBR,2002,2.5
United Kingdom,GBR,2003,2.5
United Kingdom,GBR,2004,2.5
United Kingdom,GBR,2005,2.5
United Kingdom,GBR,2006,2.5
United Kingdom,GBR,2007,2.5
United Kingdom,GBR,2008,2.5
United Kingdom,GBR,2009,2.5
United Kingdom,GBR,2010,2.5
United Kingdom,GBR,2011,2.5
United Kingdom,GBR,2012,2.5
United Kingdom,GBR,2013,2.5
United Kingdom,GBR,2014,2.5
United Kingdom,GBR,2015,2.5
United Kingdom,GBR,2016,2.5
United Kingdom,GBR,2017,2.5
United Kingdom,GBR,2018,2.5
United Kingdom,GBR,2019,2.5
United States,USA,2001,2.5
United States,USA,2002,2.5
United States,USA,2003,2.5
United States,USA,2004,2.5
United States,USA,2005,2.5
United States,USA,2006,2.5
United States,USA,2007,2.5
United States,USA,2008,2.5
United States,USA,2009,2.5
United States,USA,2010,2.5
United States,USA,2011,2.5
United States,USA,2012,2.5
United States,USA,2013,2.5
United States,USA,2014,2.5
United States,USA,2015,2.5
United States,USA,2016,2.5
United States,USA,2017,2.5
United States,USA,2018,2.5
United States,USA,2019,2.5
Upper middle income,,2001,9.309542656
Upper middle income,,2002,8.822124481
Upper middle income,,2003,8.279836655
Upper middle income,,2004,7.670822144
Upper middle income,,2005,7.007031441
Upper middle income,,2006,6.304153442
Upper middle income,,2007,5.576275826
Upper middle income,,2008,4.952829838
Upper middle income,,2009,4.211161137
Upper middle income,,2010,4.012524128
Upper middle income,,2011,3.953577757
Upper middle income,,2012,3.89001298
Upper middle income,,2013,3.775781631
Upper middle income,,2014,3.738898754
Upper middle income,,2015,3.768540382
Upper middle income,,2016,3.860506296
Upper middle income,,2017,3.919758081
Upper middle income,,2018,3.96408391
Upper middle income,,2019,4.136489868
Uruguay,URY,2001,3.599999905
Uruguay,URY,2002,3.5
Uruguay,URY,2003,3.700000048
Uruguay,URY,2004,3.799999952
Uruguay,URY,2005,3.900000095
Uruguay,URY,2006,3.700000048
Uruguay,URY,2007,3.099999905
Uruguay,URY,2008,2.5
Uruguay,URY,2009,2.5
Uruguay,URY,2010,2.5
Uruguay,URY,2011,2.5
Uruguay,URY,2012,2.5
Uruguay,URY,2013,2.5
Uruguay,URY,2014,2.5
Uruguay,URY,2015,2.5
Uruguay,URY,2016,2.5
Uruguay,URY,2017,2.5
Uruguay,URY,2018,2.5
Uruguay,URY,2019,2.5
Uzbekistan,UZB,2001,17.89999962
Uzbekistan,UZB,2002,19.20000076
Uzbekistan,UZB,2003,18.70000076
Uzbekistan,UZB,2004,16.79999924
Uzbekistan,UZB,2005,14.69999981
Uzbekistan,UZB,2006,12.60000038
Uzbekistan,UZB,2007,11.5
Uzbekistan,UZB,2008,11.19999981
Uzbekistan,UZB,2009,8.5
Uzbekistan,UZB,2010,5.400000095
Uzbekistan,UZB,2011,2.5
Uzbekistan,UZB,2012,2.5
Uzbekistan,UZB,2013,2.5
Uzbekistan,UZB,2014,2.5
Uzbekistan,UZB,2015,2.5
Uzbekistan,UZB,2016,2.5
Uzbekistan,UZB,2017,2.5
Uzbekistan,UZB,2018,2.5
Uzbekistan,UZB,2019,2.5
Vanuatu,VUT,2001,7.400000095
Vanuatu,VUT,2002,7.099999905
Vanuatu,VUT,2003,6.800000191
Vanuatu,VUT,2004,6.5
Vanuatu,VUT,2005,6.300000191
Vanuatu,VUT,2006,5.699999809
Vanuatu,VUT,2007,5.300000191
Vanuatu,VUT,2008,5
Vanuatu,VUT,2009,5.099999905
Vanuatu,VUT,2010,5.199999809
Vanuatu,VUT,2011,5.599999905
Vanuatu,VUT,2012,5.900000095
Vanuatu,VUT,2013,6.400000095
Vanuatu,VUT,2014,6.900000095
Vanuatu,VUT,2015,8.100000381
Vanuatu,VUT,2016,8.899999619
Vanuatu,VUT,2017,9.600000381
Vanuatu,VUT,2018,9.5
Vanuatu,VUT,2019,9.300000191
Venezuela,VEN,2001,14.89999962
Venezuela,VEN,2002,15.10000038
Venezuela,VEN,2003,14.60000038
Venezuela,VEN,2004,10
Venezuela,VEN,2005,8.399999619
Venezuela,VEN,2006,7
Venezuela,VEN,2007,4.800000191
Venezuela,VEN,2008,2.799999952
Venezuela,VEN,2009,2.5
Venezuela,VEN,2010,2.5
Venezuela,VEN,2011,2.5
Venezuela,VEN,2012,3.200000048
Venezuela,VEN,2013,3.299999952
Venezuela,VEN,2014,5
Venezuela,VEN,2015,11.30000019
Venezuela,VEN,2016,16.39999962
Venezuela,VEN,2017,22.20000076
Venezuela,VEN,2018,23.39999962
Venezuela,VEN,2019,27.39999962
Vietnam,VNM,2001,19.70000076
Vietnam,VNM,2002,18
Vietnam,VNM,2003,16.29999924
Vietnam,VNM,2004,15.69999981
Vietnam,VNM,2005,15.5
Vietnam,VNM,2006,15.30000019
Vietnam,VNM,2007,14.10000038
Vietnam,VNM,2008,12.89999962
Vietnam,VNM,2009,11.80000019
Vietnam,VNM,2010,11
Vietnam,VNM,2011,10
Vietnam,VNM,2012,9.300000191
Vietnam,VNM,2013,8.699999809
Vietnam,VNM,2014,8.5
Vietnam,VNM,2015,8.100000381
Vietnam,VNM,2016,7.800000191
Vietnam,VNM,2017,7.199999809
Vietnam,VNM,2018,6.800000191
Vietnam,VNM,2019,6.699999809
World,OWID_WRL,2001,13.19999981
World,OWID_WRL,2002,13.19999981
World,OWID_WRL,2003,13.10000038
World,OWID_WRL,2004,12.80000019
World,OWID_WRL,2005,12.30000019
World,OWID_WRL,2006,11.5
World,OWID_WRL,2007,10.69999981
World,OWID_WRL,2008,10.19999981
World,OWID_WRL,2009,9.699999809
World,OWID_WRL,2010,9.399999619
World,OWID_WRL,2011,9
World,OWID_WRL,2012,8.899999619
World,OWID_WRL,2013,8.699999809
World,OWID_WRL,2014,8.5
World,OWID_WRL,2015,8.300000191
World,OWID_WRL,2016,8.300000191
World,OWID_WRL,2017,8.199999809
World,OWID_WRL,2018,8.300000191
World,OWID_WRL,2019,8.899999619
Yemen,YEM,2001,26.70000076
Yemen,YEM,2002,27.60000038
Yemen,YEM,2003,28
Yemen,YEM,2004,28.29999924
Yemen,YEM,2005,27.79999924
Yemen,YEM,2006,26.60000038
Yemen,YEM,2007,26.10000038
Yemen,YEM,2008,26
Yemen,YEM,2009,23.5
Yemen,YEM,2010,26.39999962
Yemen,YEM,2011,27.89999962
Yemen,YEM,2012,33.29999924
Yemen,YEM,2013,34.29999924
Yemen,YEM,2014,38.59999847
Yemen,YEM,2015,43.40000153
Yemen,YEM,2016,46.09999847
Yemen,YEM,2017,46.59999847
Yemen,YEM,2018,45.40000153
Yemen,YEM,2019,45.40000153
